"filename", "language", "JSON", "TypeScript", "Markdown", "XML", "Properties", "TypeScript JSX", "CSS", "JavaScript", "comment", "blank", "total"
"c:\Users\Bruce Vo\Documents\project\linguex\Streaming_Platform\backend\.env", "Properties", 0, 0, 0, 0, 28, 0, 0, 0, 11, 4, 43
"c:\Users\Bruce Vo\Documents\project\linguex\Streaming_Platform\backend\REDIS_SETUP.md", "Markdown", 0, 0, 109, 0, 0, 0, 0, 0, 0, 47, 156
"c:\Users\Bruce Vo\Documents\project\linguex\Streaming_Platform\backend\SETUP.md", "Markdown", 0, 0, 92, 0, 0, 0, 0, 0, 0, 37, 129
"c:\Users\Bruce Vo\Documents\project\linguex\Streaming_Platform\backend\package-lock.json", "JSON", 2045, 0, 0, 0, 0, 0, 0, 0, 0, 0, 2045
"c:\Users\Bruce Vo\Documents\project\linguex\Streaming_Platform\backend\package.json", "JSON", 21, 0, 0, 0, 0, 0, 0, 0, 0, 0, 21
"c:\Users\Bruce Vo\Documents\project\linguex\Streaming_Platform\backend\scripts\migration\01-academic-migration.ts", "TypeScript", 0, 1066, 0, 0, 0, 0, 0, 0, 29, 44, 1139
"c:\Users\Bruce Vo\Documents\project\linguex\Streaming_Platform\backend\scripts\migration\02-enrollment-migration.ts", "TypeScript", 0, 101, 0, 0, 0, 0, 0, 0, 5, 24, 130
"c:\Users\Bruce Vo\Documents\project\linguex\Streaming_Platform\backend\scripts\migration\03-bookmark-migration.ts", "TypeScript", 0, 39, 0, 0, 0, 0, 0, 0, 5, 9, 53
"c:\Users\Bruce Vo\Documents\project\linguex\Streaming_Platform\backend\scripts\migration\README.md", "Markdown", 0, 0, 1, 0, 0, 0, 0, 0, 0, 0, 1
"c:\Users\Bruce Vo\Documents\project\linguex\Streaming_Platform\backend\scripts\migration\database-backup.ts", "TypeScript", 0, 51, 0, 0, 0, 0, 0, 0, 3, 15, 69
"c:\Users\Bruce Vo\Documents\project\linguex\Streaming_Platform\backend\scripts\migration\run-migration.ts", "TypeScript", 0, 113, 0, 0, 0, 0, 0, 0, 6, 20, 139
"c:\Users\Bruce Vo\Documents\project\linguex\Streaming_Platform\backend\scripts\migration\types.ts", "TypeScript", 0, 40, 0, 0, 0, 0, 0, 0, 2, 9, 51
"c:\Users\Bruce Vo\Documents\project\linguex\Streaming_Platform\backend\src\config\aws.ts", "TypeScript", 0, 48, 0, 0, 0, 0, 0, 0, 6, 10, 64
"c:\Users\Bruce Vo\Documents\project\linguex\Streaming_Platform\backend\src\config\cloudinary.ts", "TypeScript", 0, -7, 0, 0, 0, 0, 0, 0, 0, -2, -9
"c:\Users\Bruce Vo\Documents\project\linguex\Streaming_Platform\backend\src\controllers\auth.controllers.ts", "TypeScript", 0, 457, 0, 0, 0, 0, 0, 0, 35, 79, 571
"c:\Users\Bruce Vo\Documents\project\linguex\Streaming_Platform\backend\src\controllers\chat.controllers.ts", "TypeScript", 0, 5, 0, 0, 0, 0, 0, 0, 3, 1, 9
"c:\Users\Bruce Vo\Documents\project\linguex\Streaming_Platform\backend\src\controllers\course.controllers.ts", "TypeScript", 0, 587, 0, 0, 0, 0, 0, 0, 97, 120, 804
"c:\Users\Bruce Vo\Documents\project\linguex\Streaming_Platform\backend\src\controllers\dashboard.controllers.ts", "TypeScript", 0, 334, 0, 0, 0, 0, 0, 0, 55, 66, 455
"c:\Users\Bruce Vo\Documents\project\linguex\Streaming_Platform\backend\src\controllers\material.controller.ts", "TypeScript", 0, -715, 0, 0, 0, 0, 0, 0, -37, -117, -869
"c:\Users\Bruce Vo\Documents\project\linguex\Streaming_Platform\backend\src\controllers\material.controllers.ts", "TypeScript", 0, 1208, 0, 0, 0, 0, 0, 0, 92, 196, 1496
"c:\Users\Bruce Vo\Documents\project\linguex\Streaming_Platform\backend\src\controllers\onboarding.controllers.ts", "TypeScript", 0, 258, 0, 0, 0, 0, 0, 0, 45, 62, 365
"c:\Users\Bruce Vo\Documents\project\linguex\Streaming_Platform\backend\src\controllers\program.controllers.ts", "TypeScript", 0, 328, 0, 0, 0, 0, 0, 0, 74, 90, 492
"c:\Users\Bruce Vo\Documents\project\linguex\Streaming_Platform\backend\src\controllers\school.controllers.ts", "TypeScript", 0, 283, 0, 0, 0, 0, 0, 0, 70, 79, 432
"c:\Users\Bruce Vo\Documents\project\linguex\Streaming_Platform\backend\src\controllers\session.controllers.ts", "TypeScript", 0, 86, 0, 0, 0, 0, 0, 0, 19, 19, 124
"c:\Users\Bruce Vo\Documents\project\linguex\Streaming_Platform\backend\src\controllers\upload.controllers.ts", "TypeScript", 0, 287, 0, 0, 0, 0, 0, 0, 44, 53, 384
"c:\Users\Bruce Vo\Documents\project\linguex\Streaming_Platform\backend\src\controllers\user.controllers.ts", "TypeScript", 0, 772, 0, 0, 0, 0, 0, 0, 47, 87, 906
"c:\Users\Bruce Vo\Documents\project\linguex\Streaming_Platform\backend\src\lib\schoolData.ts", "TypeScript", 0, 983, 0, 0, 0, 0, 0, 0, 8, 12, 1003
"c:\Users\Bruce Vo\Documents\project\linguex\Streaming_Platform\backend\src\middleWare\auth.middleware.ts", "TypeScript", 0, -31, 0, 0, 0, 0, 0, 0, 0, -7, -38
"c:\Users\Bruce Vo\Documents\project\linguex\Streaming_Platform\backend\src\middleWare\material.middleware.ts", "TypeScript", 0, -272, 0, 0, 0, 0, 0, 0, -24, -47, -343
"c:\Users\Bruce Vo\Documents\project\linguex\Streaming_Platform\backend\src\middleware\auth.middleware.ts", "TypeScript", 0, 199, 0, 0, 0, 0, 0, 0, 42, 48, 289
"c:\Users\Bruce Vo\Documents\project\linguex\Streaming_Platform\backend\src\middleware\error.middleware.ts", "TypeScript", 0, 76, 0, 0, 0, 0, 0, 0, 12, 12, 100
"c:\Users\Bruce Vo\Documents\project\linguex\Streaming_Platform\backend\src\middleware\material.middleware.ts", "TypeScript", 0, 287, 0, 0, 0, 0, 0, 0, 27, 53, 367
"c:\Users\Bruce Vo\Documents\project\linguex\Streaming_Platform\backend\src\middleware\rateLimiter.ts", "TypeScript", 0, 96, 0, 0, 0, 0, 0, 0, 16, 21, 133
"c:\Users\Bruce Vo\Documents\project\linguex\Streaming_Platform\backend\src\middleware\session.middleware.ts", "TypeScript", 0, 83, 0, 0, 0, 0, 0, 0, 12, 17, 112
"c:\Users\Bruce Vo\Documents\project\linguex\Streaming_Platform\backend\src\middleware\upload.middleware.ts", "TypeScript", 0, 30, 0, 0, 0, 0, 0, 0, 4, 4, 38
"c:\Users\Bruce Vo\Documents\project\linguex\Streaming_Platform\backend\src\middleware\validation\auth.validation.ts", "TypeScript", 0, 397, 0, 0, 0, 0, 0, 0, 49, 66, 512
"c:\Users\Bruce Vo\Documents\project\linguex\Streaming_Platform\backend\src\middleware\validation\common.validation.ts", "TypeScript", 0, 132, 0, 0, 0, 0, 0, 0, 14, 30, 176
"c:\Users\Bruce Vo\Documents\project\linguex\Streaming_Platform\backend\src\middleware\validation\course.validation.ts", "TypeScript", 0, 172, 0, 0, 0, 0, 0, 0, 14, 24, 210
"c:\Users\Bruce Vo\Documents\project\linguex\Streaming_Platform\backend\src\middleware\validation\enrollment.validation.ts", "TypeScript", 0, 61, 0, 0, 0, 0, 0, 0, 5, 16, 82
"c:\Users\Bruce Vo\Documents\project\linguex\Streaming_Platform\backend\src\middleware\validation\onboarding.validation.ts", "TypeScript", 0, 69, 0, 0, 0, 0, 0, 0, 4, 16, 89
"c:\Users\Bruce Vo\Documents\project\linguex\Streaming_Platform\backend\src\middleware\validation\password.validation.ts", "TypeScript", 0, 22, 0, 0, 0, 0, 0, 0, 1, 5, 28
"c:\Users\Bruce Vo\Documents\project\linguex\Streaming_Platform\backend\src\middleware\validation\program.validation.ts", "TypeScript", 0, 109, 0, 0, 0, 0, 0, 0, 3, 25, 137
"c:\Users\Bruce Vo\Documents\project\linguex\Streaming_Platform\backend\src\middleware\validation\query.validation.ts", "TypeScript", 0, 100, 0, 0, 0, 0, 0, 0, 6, 25, 131
"c:\Users\Bruce Vo\Documents\project\linguex\Streaming_Platform\backend\src\middleware\validation\school.validation.ts", "TypeScript", 0, 72, 0, 0, 0, 0, 0, 0, 2, 16, 90
"c:\Users\Bruce Vo\Documents\project\linguex\Streaming_Platform\backend\src\middleware\validation\session.validation.ts", "TypeScript", 0, 61, 0, 0, 0, 0, 0, 0, 12, 15, 88
"c:\Users\Bruce Vo\Documents\project\linguex\Streaming_Platform\backend\src\middleware\validation\user.validation.ts", "TypeScript", 0, 174, 0, 0, 0, 0, 0, 0, 8, 40, 222
"c:\Users\Bruce Vo\Documents\project\linguex\Streaming_Platform\backend\src\models\BookMark.ts", "TypeScript", 0, 206, 0, 0, 0, 0, 0, 0, 12, 38, 256
"c:\Users\Bruce Vo\Documents\project\linguex\Streaming_Platform\backend\src\models\Course.ts", "TypeScript", 0, 269, 0, 0, 0, 0, 0, 0, 6, 7, 282
"c:\Users\Bruce Vo\Documents\project\linguex\Streaming_Platform\backend\src\models\Enrollment.ts", "TypeScript", 0, 260, 0, 0, 0, 0, 0, 0, 11, 33, 304
"c:\Users\Bruce Vo\Documents\project\linguex\Streaming_Platform\backend\src\models\File.ts", "TypeScript", 0, 63, 0, 0, 0, 0, 0, 0, 0, 3, 66
"c:\Users\Bruce Vo\Documents\project\linguex\Streaming_Platform\backend\src\models\Material.ts", "TypeScript", 0, -311, 0, 0, 0, 0, 0, 0, -21, -41, -373
"c:\Users\Bruce Vo\Documents\project\linguex\Streaming_Platform\backend\src\models\Notification.ts", "TypeScript", 0, 331, 0, 0, 0, 0, 0, 0, 15, 44, 390
"c:\Users\Bruce Vo\Documents\project\linguex\Streaming_Platform\backend\src\models\Post.ts", "TypeScript", 0, -4, 0, 0, 0, 0, 0, 0, 0, -2, -6
"c:\Users\Bruce Vo\Documents\project\linguex\Streaming_Platform\backend\src\models\Program.ts", "TypeScript", 0, 125, 0, 0, 0, 0, 0, 0, 3, 4, 132
"c:\Users\Bruce Vo\Documents\project\linguex\Streaming_Platform\backend\src\models\Report.ts", "TypeScript", 0, 413, 0, 0, 0, 0, 0, 0, 21, 59, 493
"c:\Users\Bruce Vo\Documents\project\linguex\Streaming_Platform\backend\src\models\School.ts", "TypeScript", 0, 59, 0, 0, 0, 0, 0, 0, 3, 4, 66
"c:\Users\Bruce Vo\Documents\project\linguex\Streaming_Platform\backend\src\models\StudyMaterial.ts", "TypeScript", 0, 479, 0, 0, 0, 0, 0, 0, 35, 56, 570
"c:\Users\Bruce Vo\Documents\project\linguex\Streaming_Platform\backend\src\models\User.ts", "TypeScript", 0, 389, 0, 0, 0, 0, 0, 0, 27, 40, 456
"c:\Users\Bruce Vo\Documents\project\linguex\Streaming_Platform\backend\src\models\UserSession.ts", "TypeScript", 0, 97, 0, 0, 0, 0, 0, 0, 7, 11, 115
"c:\Users\Bruce Vo\Documents\project\linguex\Streaming_Platform\backend\src\routes\auth.routes.ts", "TypeScript", 0, 62, 0, 0, 0, 0, 0, 0, 18, 14, 94
"c:\Users\Bruce Vo\Documents\project\linguex\Streaming_Platform\backend\src\routes\chat.routes.ts", "TypeScript", 0, 2, 0, 0, 0, 0, 0, 0, 9, 2, 13
"c:\Users\Bruce Vo\Documents\project\linguex\Streaming_Platform\backend\src\routes\course.routes.ts", "TypeScript", 0, 278, 0, 0, 0, 0, 0, 0, 120, 51, 449
"c:\Users\Bruce Vo\Documents\project\linguex\Streaming_Platform\backend\src\routes\dashboard.routes.ts", "TypeScript", 0, 51, 0, 0, 0, 0, 0, 0, 42, 11, 104
"c:\Users\Bruce Vo\Documents\project\linguex\Streaming_Platform\backend\src\routes\material.routes.ts", "TypeScript", 0, 20, 0, 0, 0, 0, 0, 0, -36, -4, -20
"c:\Users\Bruce Vo\Documents\project\linguex\Streaming_Platform\backend\src\routes\onboarding.routes.ts", "TypeScript", 0, 22, 0, 0, 0, 0, 0, 0, 24, 10, 56
"c:\Users\Bruce Vo\Documents\project\linguex\Streaming_Platform\backend\src\routes\program.routes.ts", "TypeScript", 0, 36, 0, 0, 0, 0, 0, 0, 45, 15, 96
"c:\Users\Bruce Vo\Documents\project\linguex\Streaming_Platform\backend\src\routes\school.routes.ts", "TypeScript", 0, 37, 0, 0, 0, 0, 0, 0, 45, 15, 97
"c:\Users\Bruce Vo\Documents\project\linguex\Streaming_Platform\backend\src\routes\session.routes.ts", "TypeScript", 0, 25, 0, 0, 0, 0, 0, 0, 21, 8, 54
"c:\Users\Bruce Vo\Documents\project\linguex\Streaming_Platform\backend\src\routes\upload.routes.ts", "TypeScript", 0, 11, 0, 0, 0, 0, 0, 0, 19, 7, 37
"c:\Users\Bruce Vo\Documents\project\linguex\Streaming_Platform\backend\src\routes\user.routes.ts", "TypeScript", 0, 36, 0, 0, 0, 0, 0, 0, 100, 18, 154
"c:\Users\Bruce Vo\Documents\project\linguex\Streaming_Platform\backend\src\server.ts", "TypeScript", 0, 38, 0, 0, 0, 0, 0, 0, 7, 5, 50
"c:\Users\Bruce Vo\Documents\project\linguex\Streaming_Platform\backend\src\types\Academic.ts", "TypeScript", 0, 290, 0, 0, 0, 0, 0, 0, 14, 24, 328
"c:\Users\Bruce Vo\Documents\project\linguex\Streaming_Platform\backend\src\types\express\index.d.ts", "TypeScript", 0, 23, 0, 0, 0, 0, 0, 0, 0, 1, 24
"c:\Users\Bruce Vo\Documents\project\linguex\Streaming_Platform\backend\src\types\studyMaterial.ts", "TypeScript", 0, 28, 0, 0, 0, 0, 0, 0, 0, 4, 32
"c:\Users\Bruce Vo\Documents\project\linguex\Streaming_Platform\backend\src\types\uploadTypes\post.ts", "TypeScript", 0, 37, 0, 0, 0, 0, 0, 0, 1, 3, 41
"c:\Users\Bruce Vo\Documents\project\linguex\Streaming_Platform\backend\src\types\uploadTypes\upload.ts", "TypeScript", 0, 42, 0, 0, 0, 0, 0, 0, 1, 3, 46
"c:\Users\Bruce Vo\Documents\project\linguex\Streaming_Platform\backend\src\uploadTypes\post.ts", "TypeScript", 0, -37, 0, 0, 0, 0, 0, 0, -1, -3, -41
"c:\Users\Bruce Vo\Documents\project\linguex\Streaming_Platform\backend\src\uploadTypes\upload.ts", "TypeScript", 0, -30, 0, 0, 0, 0, 0, 0, -1, -2, -33
"c:\Users\Bruce Vo\Documents\project\linguex\Streaming_Platform\backend\src\utils\Api.utils.ts", "TypeScript", 0, 80, 0, 0, 0, 0, 0, 0, 10, 16, 106
"c:\Users\Bruce Vo\Documents\project\linguex\Streaming_Platform\backend\src\utils\ApiError.ts", "TypeScript", 0, 25, 0, 0, 0, 0, 0, 0, 12, 4, 41
"c:\Users\Bruce Vo\Documents\project\linguex\Streaming_Platform\backend\src\utils\ApiResponse.ts", "TypeScript", 0, 13, 0, 0, 0, 0, 0, 0, 20, 3, 36
"c:\Users\Bruce Vo\Documents\project\linguex\Streaming_Platform\backend\src\utils\Cache.utils.ts", "TypeScript", 0, 254, 0, 0, 0, 0, 0, 0, 42, 60, 356
"c:\Users\Bruce Vo\Documents\project\linguex\Streaming_Platform\backend\src\utils\Date.utils.ts", "TypeScript", 0, 76, 0, 0, 0, 0, 0, 0, 6, 11, 93
"c:\Users\Bruce Vo\Documents\project\linguex\Streaming_Platform\backend\src\utils\Format.utils.ts", "TypeScript", 0, 84, 0, 0, 0, 0, 0, 0, 15, 21, 120
"c:\Users\Bruce Vo\Documents\project\linguex\Streaming_Platform\backend\src\utils\Random.utils.ts", "TypeScript", 0, 65, 0, 0, 0, 0, 0, 0, 16, 16, 97
"c:\Users\Bruce Vo\Documents\project\linguex\Streaming_Platform\backend\src\utils\Search.utils.ts", "TypeScript", 0, 149, 0, 0, 0, 0, 0, 0, 18, 35, 202
"c:\Users\Bruce Vo\Documents\project\linguex\Streaming_Platform\backend\src\utils\Stats.utils.ts", "TypeScript", 0, 404, 0, 0, 0, 0, 0, 0, 15, 53, 472
"c:\Users\Bruce Vo\Documents\project\linguex\Streaming_Platform\backend\src\utils\asyncHandler.ts", "TypeScript", 0, 12, 0, 0, 0, 0, 0, 0, 20, 4, 36
"c:\Users\Bruce Vo\Documents\project\linguex\Streaming_Platform\backend\src\utils\database.utils.ts", "TypeScript", 0, 73, 0, 0, 0, 0, 0, 0, 9, 12, 94
"c:\Users\Bruce Vo\Documents\project\linguex\Streaming_Platform\backend\src\utils\email.utils.ts", "TypeScript", 0, 295, 0, 0, 0, 0, 0, 0, 16, 36, 347
"c:\Users\Bruce Vo\Documents\project\linguex\Streaming_Platform\backend\src\utils\jwt.enhanced.ts", "TypeScript", 0, 176, 0, 0, 0, 0, 0, 0, 43, 43, 262
"c:\Users\Bruce Vo\Documents\project\linguex\Streaming_Platform\backend\src\utils\logger.utils.ts", "TypeScript", 0, 92, 0, 0, 0, 0, 0, 0, 7, 20, 119
"c:\Users\Bruce Vo\Documents\project\linguex\Streaming_Platform\backend\src\utils\migration.utilts.ts", "TypeScript", 0, 27, 0, 0, 0, 0, 0, 0, 3, 7, 37
"c:\Users\Bruce Vo\Documents\project\linguex\Streaming_Platform\backend\src\utils\password.security.ts", "TypeScript", 0, 23, 0, 0, 0, 0, 0, 0, 3, 4, 30
"c:\Users\Bruce Vo\Documents\project\linguex\Streaming_Platform\backend\src\utils\session.utils.ts", "TypeScript", 0, 87, 0, 0, 0, 0, 0, 0, 13, 20, 120
"c:\Users\Bruce Vo\Documents\project\linguex\Streaming_Platform\backend\src\utils\typeValidation.ts", "TypeScript", 0, 10, 0, 0, 0, 0, 0, 0, 0, 1, 11
"c:\Users\Bruce Vo\Documents\project\linguex\Streaming_Platform\backend\src\utils\validation.ts", "TypeScript", 0, -60, 0, 0, 0, 0, 0, 0, -13, -15, -88
"c:\Users\Bruce Vo\Documents\project\linguex\Streaming_Platform\backend\types\express\index.d.ts", "TypeScript", 0, -14, 0, 0, 0, 0, 0, 0, -1, -1, -16
"c:\Users\Bruce Vo\Documents\project\linguex\Streaming_Platform\backend\types\studyMaterial.ts", "TypeScript", 0, -28, 0, 0, 0, 0, 0, 0, 0, -4, -32
"c:\Users\Bruce Vo\Documents\project\linguex\Streaming_Platform\frontend\.next\app-build-manifest.json", "JSON", -27, 0, 0, 0, 0, 0, 0, 0, 0, 0, -27
"c:\Users\Bruce Vo\Documents\project\linguex\Streaming_Platform\frontend\.next\cache\images\EcapzrmLt-cUuvFBiJxyrnXErpWYY8fAW_XAzrgayok\60.1750657667526.Vy8iNDBiLTE5NzM3YzZkNWE2Ig.Vy8iNDBiLTE5NzM3YzZkNWE2Ig.svg", "XML", 0, 0, 0, 1, 0, 0, 0, 0, 0, 0, 1
"c:\Users\Bruce Vo\Documents\project\linguex\Streaming_Platform\frontend\.next\server\app-paths-manifest.json", "JSON", -1, 0, 0, 0, 0, 0, 0, 0, 0, 0, -1
"c:\Users\Bruce Vo\Documents\project\linguex\Streaming_Platform\frontend\.next\server\app\(protected)\(DashBoard)\files\page.js", "JavaScript", 0, 0, 0, 0, 0, 0, 0, 16, 0, 1, 17
"c:\Users\Bruce Vo\Documents\project\linguex\Streaming_Platform\frontend\.next\server\app\(protected)\(DashBoard)\files\page\app-build-manifest.json", "JSON", 26, 0, 0, 0, 0, 0, 0, 0, 0, 0, 26
"c:\Users\Bruce Vo\Documents\project\linguex\Streaming_Platform\frontend\.next\server\app\(protected)\(DashBoard)\files\page\app-paths-manifest.json", "JSON", 3, 0, 0, 0, 0, 0, 0, 0, 0, 0, 3
"c:\Users\Bruce Vo\Documents\project\linguex\Streaming_Platform\frontend\.next\server\app\(protected)\(DashBoard)\files\page\build-manifest.json", "JSON", 19, 0, 0, 0, 0, 0, 0, 0, 0, 0, 19
"c:\Users\Bruce Vo\Documents\project\linguex\Streaming_Platform\frontend\.next\server\app\(protected)\(DashBoard)\files\page\next-font-manifest.json", "JSON", 11, 0, 0, 0, 0, 0, 0, 0, 0, 0, 11
"c:\Users\Bruce Vo\Documents\project\linguex\Streaming_Platform\frontend\.next\server\app\(protected)\(DashBoard)\files\page\react-loadable-manifest.json", "JSON", 1, 0, 0, 0, 0, 0, 0, 0, 0, 0, 1
"c:\Users\Bruce Vo\Documents\project\linguex\Streaming_Platform\frontend\.next\server\app\(protected)\(DashBoard)\files\page\server-reference-manifest.json", "JSON", 4, 0, 0, 0, 0, 0, 0, 0, 0, 0, 4
"c:\Users\Bruce Vo\Documents\project\linguex\Streaming_Platform\frontend\.next\server\app\(protected)\(DashBoard)\files\page_client-reference-manifest.js", "JavaScript", 0, 0, 0, 0, 0, 0, 0, 2, 0, 1, 3
"c:\Users\Bruce Vo\Documents\project\linguex\Streaming_Platform\frontend\.next\server\app\(protected)\(DashBoard)\materials\page.js", "JavaScript", 0, 0, 0, 0, 0, 0, 0, 16, 0, 1, 17
"c:\Users\Bruce Vo\Documents\project\linguex\Streaming_Platform\frontend\.next\server\app\(protected)\(DashBoard)\materials\page\app-build-manifest.json", "JSON", 25, 0, 0, 0, 0, 0, 0, 0, 0, 0, 25
"c:\Users\Bruce Vo\Documents\project\linguex\Streaming_Platform\frontend\.next\server\app\(protected)\(DashBoard)\materials\page\app-paths-manifest.json", "JSON", 3, 0, 0, 0, 0, 0, 0, 0, 0, 0, 3
"c:\Users\Bruce Vo\Documents\project\linguex\Streaming_Platform\frontend\.next\server\app\(protected)\(DashBoard)\materials\page\build-manifest.json", "JSON", 19, 0, 0, 0, 0, 0, 0, 0, 0, 0, 19
"c:\Users\Bruce Vo\Documents\project\linguex\Streaming_Platform\frontend\.next\server\app\(protected)\(DashBoard)\materials\page\next-font-manifest.json", "JSON", 11, 0, 0, 0, 0, 0, 0, 0, 0, 0, 11
"c:\Users\Bruce Vo\Documents\project\linguex\Streaming_Platform\frontend\.next\server\app\(protected)\(DashBoard)\materials\page\react-loadable-manifest.json", "JSON", 1, 0, 0, 0, 0, 0, 0, 0, 0, 0, 1
"c:\Users\Bruce Vo\Documents\project\linguex\Streaming_Platform\frontend\.next\server\app\(protected)\(DashBoard)\materials\page\server-reference-manifest.json", "JSON", 4, 0, 0, 0, 0, 0, 0, 0, 0, 0, 4
"c:\Users\Bruce Vo\Documents\project\linguex\Streaming_Platform\frontend\.next\server\app\(protected)\(DashBoard)\materials\page_client-reference-manifest.js", "JavaScript", 0, 0, 0, 0, 0, 0, 0, 2, 0, 1, 3
"c:\Users\Bruce Vo\Documents\project\linguex\Streaming_Platform\frontend\.next\server\app\(protected)\(DashBoard)\materials\upload\page.js", "JavaScript", 0, 0, 0, 0, 0, 0, 0, 16, 0, 1, 17
"c:\Users\Bruce Vo\Documents\project\linguex\Streaming_Platform\frontend\.next\server\app\(protected)\(DashBoard)\materials\upload\page\app-build-manifest.json", "JSON", 26, 0, 0, 0, 0, 0, 0, 0, 0, 0, 26
"c:\Users\Bruce Vo\Documents\project\linguex\Streaming_Platform\frontend\.next\server\app\(protected)\(DashBoard)\materials\upload\page\app-paths-manifest.json", "JSON", 3, 0, 0, 0, 0, 0, 0, 0, 0, 0, 3
"c:\Users\Bruce Vo\Documents\project\linguex\Streaming_Platform\frontend\.next\server\app\(protected)\(DashBoard)\materials\upload\page\build-manifest.json", "JSON", 19, 0, 0, 0, 0, 0, 0, 0, 0, 0, 19
"c:\Users\Bruce Vo\Documents\project\linguex\Streaming_Platform\frontend\.next\server\app\(protected)\(DashBoard)\materials\upload\page\next-font-manifest.json", "JSON", 11, 0, 0, 0, 0, 0, 0, 0, 0, 0, 11
"c:\Users\Bruce Vo\Documents\project\linguex\Streaming_Platform\frontend\.next\server\app\(protected)\(DashBoard)\materials\upload\page\react-loadable-manifest.json", "JSON", 1, 0, 0, 0, 0, 0, 0, 0, 0, 0, 1
"c:\Users\Bruce Vo\Documents\project\linguex\Streaming_Platform\frontend\.next\server\app\(protected)\(DashBoard)\materials\upload\page\server-reference-manifest.json", "JSON", 4, 0, 0, 0, 0, 0, 0, 0, 0, 0, 4
"c:\Users\Bruce Vo\Documents\project\linguex\Streaming_Platform\frontend\.next\server\app\(protected)\(DashBoard)\materials\upload\page_client-reference-manifest.js", "JavaScript", 0, 0, 0, 0, 0, 0, 0, 2, 0, 1, 3
"c:\Users\Bruce Vo\Documents\project\linguex\Streaming_Platform\frontend\.next\server\app\(protected)\(DashBoard)\notifications\page\app-build-manifest.json", "JSON", 1, 0, 0, 0, 0, 0, 0, 0, 0, 0, 1
"c:\Users\Bruce Vo\Documents\project\linguex\Streaming_Platform\frontend\.next\server\app\(protected)\(DashBoard)\page\app-build-manifest.json", "JSON", -1, 0, 0, 0, 0, 0, 0, 0, 0, 0, -1
"c:\Users\Bruce Vo\Documents\project\linguex\Streaming_Platform\frontend\.next\server\app\(protected)\(DashBoard)\profile\page.js", "JavaScript", 0, 0, 0, 0, 0, 0, 0, -2, 0, 0, -2
"c:\Users\Bruce Vo\Documents\project\linguex\Streaming_Platform\frontend\.next\server\app\(protected)\(DashBoard)\profile\page\app-build-manifest.json", "JSON", -2, 0, 0, 0, 0, 0, 0, 0, 0, 0, -2
"c:\Users\Bruce Vo\Documents\project\linguex\Streaming_Platform\frontend\.next\server\app\(protected)\page.js", "JavaScript", 0, 0, 0, 0, 0, 0, 0, 1, 0, 0, 1
"c:\Users\Bruce Vo\Documents\project\linguex\Streaming_Platform\frontend\.next\server\app\(protected)\page\app-build-manifest.json", "JSON", -1, 0, 0, 0, 0, 0, 0, 0, 0, 0, -1
"c:\Users\Bruce Vo\Documents\project\linguex\Streaming_Platform\frontend\.next\server\app\(protected)\profile\page.js", "JavaScript", 0, 0, 0, 0, 0, 0, 0, 14, 0, 1, 15
"c:\Users\Bruce Vo\Documents\project\linguex\Streaming_Platform\frontend\.next\server\app\(protected)\profile\page\app-build-manifest.json", "JSON", 23, 0, 0, 0, 0, 0, 0, 0, 0, 0, 23
"c:\Users\Bruce Vo\Documents\project\linguex\Streaming_Platform\frontend\.next\server\app\(protected)\profile\page\app-paths-manifest.json", "JSON", 3, 0, 0, 0, 0, 0, 0, 0, 0, 0, 3
"c:\Users\Bruce Vo\Documents\project\linguex\Streaming_Platform\frontend\.next\server\app\(protected)\profile\page\build-manifest.json", "JSON", 19, 0, 0, 0, 0, 0, 0, 0, 0, 0, 19
"c:\Users\Bruce Vo\Documents\project\linguex\Streaming_Platform\frontend\.next\server\app\(protected)\profile\page\next-font-manifest.json", "JSON", 11, 0, 0, 0, 0, 0, 0, 0, 0, 0, 11
"c:\Users\Bruce Vo\Documents\project\linguex\Streaming_Platform\frontend\.next\server\app\(protected)\profile\page\react-loadable-manifest.json", "JSON", 1, 0, 0, 0, 0, 0, 0, 0, 0, 0, 1
"c:\Users\Bruce Vo\Documents\project\linguex\Streaming_Platform\frontend\.next\server\app\(protected)\profile\page\server-reference-manifest.json", "JSON", 4, 0, 0, 0, 0, 0, 0, 0, 0, 0, 4
"c:\Users\Bruce Vo\Documents\project\linguex\Streaming_Platform\frontend\.next\server\app\(protected)\profile\page_client-reference-manifest.js", "JavaScript", 0, 0, 0, 0, 0, 0, 0, 2, 0, 1, 3
"c:\Users\Bruce Vo\Documents\project\linguex\Streaming_Platform\frontend\.next\server\app\api\auth\[...nextauth]\route.js", "JavaScript", 0, 0, 0, 0, 0, 0, 0, 6, 0, 0, 6
"c:\Users\Bruce Vo\Documents\project\linguex\Streaming_Platform\frontend\.next\server\app\page.js", "JavaScript", 0, 0, 0, 0, 0, 0, 0, 3, 0, 0, 3
"c:\Users\Bruce Vo\Documents\project\linguex\Streaming_Platform\frontend\.next\server\chunks\69cb7_mime-db_8620ab1f._.js", "JavaScript", 0, 0, 0, 0, 0, 0, 0, 12, 7, 5, 24
"c:\Users\Bruce Vo\Documents\project\linguex\Streaming_Platform\frontend\.next\server\chunks\[root-of-the-server]__87a0376b._.js", "JavaScript", 0, 0, 0, 0, 0, 0, 0, 418, 6, 48, 472
"c:\Users\Bruce Vo\Documents\project\linguex\Streaming_Platform\frontend\.next\server\chunks\node_modules_axios_lib_c4a55de8._.js", "JavaScript", 0, 0, 0, 0, 0, 0, 0, 3886, 636, 57, 4579
"c:\Users\Bruce Vo\Documents\project\linguex\Streaming_Platform\frontend\.next\server\chunks\node_modules_bd3cbde1._.js", "JavaScript", 0, 0, 0, 0, 0, 0, 0, 7012, 954, 126, 8092
"c:\Users\Bruce Vo\Documents\project\linguex\Streaming_Platform\frontend\.next\server\chunks\node_modules_jose_dist_node_cjs_b4a80197._.js", "JavaScript", 0, 0, 0, 0, 0, 0, 0, 5223, 1, 87, 5311
"c:\Users\Bruce Vo\Documents\project\linguex\Streaming_Platform\frontend\.next\server\chunks\node_modules_next-auth_0aed504c._.js", "JavaScript", 0, 0, 0, 0, 0, 0, 0, 4449, 1, 48, 4498
"c:\Users\Bruce Vo\Documents\project\linguex\Streaming_Platform\frontend\.next\server\chunks\node_modules_next_ebd985e5._.js", "JavaScript", 0, 0, 0, 0, 0, 0, 0, 7954, 902, 77, 8933
"c:\Users\Bruce Vo\Documents\project\linguex\Streaming_Platform\frontend\.next\server\chunks\node_modules_openid-client_ef38b3be._.js", "JavaScript", 0, 0, 0, 0, 0, 0, 0, 3252, 62, 32, 3346
"c:\Users\Bruce Vo\Documents\project\linguex\Streaming_Platform\frontend\.next\server\chunks\ssr\[root-of-the-server]__0e47f687._.js", "JavaScript", 0, 0, 0, 0, 0, 0, 0, 1316, 3, 16, 1335
"c:\Users\Bruce Vo\Documents\project\linguex\Streaming_Platform\frontend\.next\server\chunks\ssr\[root-of-the-server]__21dac545._.js", "JavaScript", 0, 0, 0, 0, 0, 0, 0, 767, 3, 15, 785
"c:\Users\Bruce Vo\Documents\project\linguex\Streaming_Platform\frontend\.next\server\chunks\ssr\[root-of-the-server]__32284f3f._.js", "JavaScript", 0, 0, 0, 0, 0, 0, 0, 1047, 9, 37, 1093
"c:\Users\Bruce Vo\Documents\project\linguex\Streaming_Platform\frontend\.next\server\chunks\ssr\[root-of-the-server]__5ad803e7._.js", "JavaScript", 0, 0, 0, 0, 0, 0, 0, 273, 2, 13, 288
"c:\Users\Bruce Vo\Documents\project\linguex\Streaming_Platform\frontend\.next\server\chunks\ssr\[root-of-the-server]__7bc0165b._.js", "JavaScript", 0, 0, 0, 0, 0, 0, 0, 1200, 2, 15, 1217
"c:\Users\Bruce Vo\Documents\project\linguex\Streaming_Platform\frontend\.next\server\chunks\ssr\[root-of-the-server]__89839932._.js", "JavaScript", 0, 0, 0, 0, 0, 0, 0, 2585, 6, 49, 2640
"c:\Users\Bruce Vo\Documents\project\linguex\Streaming_Platform\frontend\.next\server\chunks\ssr\[root-of-the-server]__8dffd476._.js", "JavaScript", 0, 0, 0, 0, 0, 0, 0, 523, 25, 42, 590
"c:\Users\Bruce Vo\Documents\project\linguex\Streaming_Platform\frontend\.next\server\chunks\ssr\[root-of-the-server]__9040c938._.js", "JavaScript", 0, 0, 0, 0, 0, 0, 0, 1397, 10, 38, 1445
"c:\Users\Bruce Vo\Documents\project\linguex\Streaming_Platform\frontend\.next\server\chunks\ssr\[root-of-the-server]__96f3454a._.js", "JavaScript", 0, 0, 0, 0, 0, 0, 0, -291, -4, 2, -293
"c:\Users\Bruce Vo\Documents\project\linguex\Streaming_Platform\frontend\.next\server\chunks\ssr\[root-of-the-server]__c3516c0f._.js", "JavaScript", 0, 0, 0, 0, 0, 0, 0, 1876, 13, 38, 1927
"c:\Users\Bruce Vo\Documents\project\linguex\Streaming_Platform\frontend\.next\server\chunks\ssr\[root-of-the-server]__c7a04ae0._.js", "JavaScript", 0, 0, 0, 0, 0, 0, 0, 474, 1, 10, 485
"c:\Users\Bruce Vo\Documents\project\linguex\Streaming_Platform\frontend\.next\server\chunks\ssr\[root-of-the-server]__dd9e8ab5._.js", "JavaScript", 0, 0, 0, 0, 0, 0, 0, 241, 1, 18, 260
"c:\Users\Bruce Vo\Documents\project\linguex\Streaming_Platform\frontend\.next\server\chunks\ssr\[root-of-the-server]__e73a09ce._.js", "JavaScript", 0, 0, 0, 0, 0, 0, 0, 1984, 188, 46, 2218
"c:\Users\Bruce Vo\Documents\project\linguex\Streaming_Platform\frontend\.next\server\chunks\ssr\[root-of-the-server]__e8bca49f._.js", "JavaScript", 0, 0, 0, 0, 0, 0, 0, 20, 0, 8, 28
"c:\Users\Bruce Vo\Documents\project\linguex\Streaming_Platform\frontend\.next\server\chunks\ssr\[root-of-the-server]__e9706de6._.js", "JavaScript", 0, 0, 0, 0, 0, 0, 0, -26, -7, 0, -33
"c:\Users\Bruce Vo\Documents\project\linguex\Streaming_Platform\frontend\.next\server\chunks\ssr\[turbopack]_browser_dev_hmr-client_hmr-client_ts_0293575c._.js", "JavaScript", 0, 0, 0, 0, 0, 0, 0, 13, 0, 3, 16
"c:\Users\Bruce Vo\Documents\project\linguex\Streaming_Platform\frontend\.next\server\chunks\ssr\[turbopack]_browser_dev_hmr-client_hmr-client_ts_03dc37be._.js", "JavaScript", 0, 0, 0, 0, 0, 0, 0, 13, 0, 3, 16
"c:\Users\Bruce Vo\Documents\project\linguex\Streaming_Platform\frontend\.next\server\chunks\ssr\[turbopack]_browser_dev_hmr-client_hmr-client_ts_1cdcf883._.js", "JavaScript", 0, 0, 0, 0, 0, 0, 0, 13, 0, 3, 16
"c:\Users\Bruce Vo\Documents\project\linguex\Streaming_Platform\frontend\.next\server\chunks\ssr\[turbopack]_browser_dev_hmr-client_hmr-client_ts_2b33c0f7._.js", "JavaScript", 0, 0, 0, 0, 0, 0, 0, 13, 0, 3, 16
"c:\Users\Bruce Vo\Documents\project\linguex\Streaming_Platform\frontend\.next\server\chunks\ssr\[turbopack]_browser_dev_hmr-client_hmr-client_ts_2da6f952._.js", "JavaScript", 0, 0, 0, 0, 0, 0, 0, 13, 0, 3, 16
"c:\Users\Bruce Vo\Documents\project\linguex\Streaming_Platform\frontend\.next\server\chunks\ssr\[turbopack]_browser_dev_hmr-client_hmr-client_ts_4bf6516e._.js", "JavaScript", 0, 0, 0, 0, 0, 0, 0, 13, 0, 3, 16
"c:\Users\Bruce Vo\Documents\project\linguex\Streaming_Platform\frontend\.next\server\chunks\ssr\[turbopack]_browser_dev_hmr-client_hmr-client_ts_4f6553fe._.js", "JavaScript", 0, 0, 0, 0, 0, 0, 0, 13, 0, 3, 16
"c:\Users\Bruce Vo\Documents\project\linguex\Streaming_Platform\frontend\.next\server\chunks\ssr\[turbopack]_browser_dev_hmr-client_hmr-client_ts_669c50c1._.js", "JavaScript", 0, 0, 0, 0, 0, 0, 0, 13, 0, 3, 16
"c:\Users\Bruce Vo\Documents\project\linguex\Streaming_Platform\frontend\.next\server\chunks\ssr\[turbopack]_browser_dev_hmr-client_hmr-client_ts_756e0622._.js", "JavaScript", 0, 0, 0, 0, 0, 0, 0, 13, 0, 3, 16
"c:\Users\Bruce Vo\Documents\project\linguex\Streaming_Platform\frontend\.next\server\chunks\ssr\[turbopack]_browser_dev_hmr-client_hmr-client_ts_770555c9._.js", "JavaScript", 0, 0, 0, 0, 0, 0, 0, 13, 0, 3, 16
"c:\Users\Bruce Vo\Documents\project\linguex\Streaming_Platform\frontend\.next\server\chunks\ssr\[turbopack]_browser_dev_hmr-client_hmr-client_ts_7943174c._.js", "JavaScript", 0, 0, 0, 0, 0, 0, 0, 13, 0, 3, 16
"c:\Users\Bruce Vo\Documents\project\linguex\Streaming_Platform\frontend\.next\server\chunks\ssr\[turbopack]_browser_dev_hmr-client_hmr-client_ts_8648febd._.js", "JavaScript", 0, 0, 0, 0, 0, 0, 0, 13, 0, 3, 16
"c:\Users\Bruce Vo\Documents\project\linguex\Streaming_Platform\frontend\.next\server\chunks\ssr\[turbopack]_browser_dev_hmr-client_hmr-client_ts_86bf1f49._.js", "JavaScript", 0, 0, 0, 0, 0, 0, 0, 13, 0, 3, 16
"c:\Users\Bruce Vo\Documents\project\linguex\Streaming_Platform\frontend\.next\server\chunks\ssr\[turbopack]_browser_dev_hmr-client_hmr-client_ts_8bf9ce50._.js", "JavaScript", 0, 0, 0, 0, 0, 0, 0, 13, 0, 3, 16
"c:\Users\Bruce Vo\Documents\project\linguex\Streaming_Platform\frontend\.next\server\chunks\ssr\[turbopack]_browser_dev_hmr-client_hmr-client_ts_b3a6bf81._.js", "JavaScript", 0, 0, 0, 0, 0, 0, 0, 13, 0, 3, 16
"c:\Users\Bruce Vo\Documents\project\linguex\Streaming_Platform\frontend\.next\server\chunks\ssr\[turbopack]_browser_dev_hmr-client_hmr-client_ts_b9e00c1e._.js", "JavaScript", 0, 0, 0, 0, 0, 0, 0, 13, 0, 3, 16
"c:\Users\Bruce Vo\Documents\project\linguex\Streaming_Platform\frontend\.next\server\chunks\ssr\[turbopack]_browser_dev_hmr-client_hmr-client_ts_cbb61d38._.js", "JavaScript", 0, 0, 0, 0, 0, 0, 0, 13, 0, 3, 16
"c:\Users\Bruce Vo\Documents\project\linguex\Streaming_Platform\frontend\.next\server\chunks\ssr\[turbopack]_browser_dev_hmr-client_hmr-client_ts_d28c5c27._.js", "JavaScript", 0, 0, 0, 0, 0, 0, 0, 13, 0, 3, 16
"c:\Users\Bruce Vo\Documents\project\linguex\Streaming_Platform\frontend\.next\server\chunks\ssr\[turbopack]_browser_dev_hmr-client_hmr-client_ts_d3b673c4._.js", "JavaScript", 0, 0, 0, 0, 0, 0, 0, 13, 0, 3, 16
"c:\Users\Bruce Vo\Documents\project\linguex\Streaming_Platform\frontend\.next\server\chunks\ssr\[turbopack]_browser_dev_hmr-client_hmr-client_ts_d842c031._.js", "JavaScript", 0, 0, 0, 0, 0, 0, 0, 13, 0, 3, 16
"c:\Users\Bruce Vo\Documents\project\linguex\Streaming_Platform\frontend\.next\server\chunks\ssr\[turbopack]_browser_dev_hmr-client_hmr-client_ts_ff82f81d._.js", "JavaScript", 0, 0, 0, 0, 0, 0, 0, 13, 0, 3, 16
"c:\Users\Bruce Vo\Documents\project\linguex\Streaming_Platform\frontend\.next\server\chunks\ssr\_006be25b._.js", "JavaScript", 0, 0, 0, 0, 0, 0, 0, 891, 2, 19, 912
"c:\Users\Bruce Vo\Documents\project\linguex\Streaming_Platform\frontend\.next\server\chunks\ssr\_06236123._.js", "JavaScript", 0, 0, 0, 0, 0, 0, 0, 1635, 86, 25, 1746
"c:\Users\Bruce Vo\Documents\project\linguex\Streaming_Platform\frontend\.next\server\chunks\ssr\_09809b86._.js", "JavaScript", 0, 0, 0, 0, 0, 0, 0, 1342, 44, 18, 1404
"c:\Users\Bruce Vo\Documents\project\linguex\Streaming_Platform\frontend\.next\server\chunks\ssr\_10215b1a._.js", "JavaScript", 0, 0, 0, 0, 0, 0, 0, 983, 15, 10, 1008
"c:\Users\Bruce Vo\Documents\project\linguex\Streaming_Platform\frontend\.next\server\chunks\ssr\_1db3b352._.js", "JavaScript", 0, 0, 0, 0, 0, 0, 0, 971, 4, 31, 1006
"c:\Users\Bruce Vo\Documents\project\linguex\Streaming_Platform\frontend\.next\server\chunks\ssr\_24674e13._.js", "JavaScript", 0, 0, 0, 0, 0, 0, 0, 464, 1, 19, 484
"c:\Users\Bruce Vo\Documents\project\linguex\Streaming_Platform\frontend\.next\server\chunks\ssr\_249bd033._.js", "JavaScript", 0, 0, 0, 0, 0, 0, 0, 2018, 32, 14, 2064
"c:\Users\Bruce Vo\Documents\project\linguex\Streaming_Platform\frontend\.next\server\chunks\ssr\_25159dab._.js", "JavaScript", 0, 0, 0, 0, 0, 0, 0, 2159, 40, 12, 2211
"c:\Users\Bruce Vo\Documents\project\linguex\Streaming_Platform\frontend\.next\server\chunks\ssr\_3d02739b._.js", "JavaScript", 0, 0, 0, 0, 0, 0, 0, 1642, 85, 26, 1753
"c:\Users\Bruce Vo\Documents\project\linguex\Streaming_Platform\frontend\.next\server\chunks\ssr\_3f279935._.js", "JavaScript", 0, 0, 0, 0, 0, 0, 0, 600, 3, 13, 616
"c:\Users\Bruce Vo\Documents\project\linguex\Streaming_Platform\frontend\.next\server\chunks\ssr\_3f613bef._.js", "JavaScript", 0, 0, 0, 0, 0, 0, 0, 600, 3, 13, 616
"c:\Users\Bruce Vo\Documents\project\linguex\Streaming_Platform\frontend\.next\server\chunks\ssr\_41c338cc._.js", "JavaScript", 0, 0, 0, 0, 0, 0, 0, 617, 1, 20, 638
"c:\Users\Bruce Vo\Documents\project\linguex\Streaming_Platform\frontend\.next\server\chunks\ssr\_4990add2._.js", "JavaScript", 0, 0, 0, 0, 0, 0, 0, 66, 1, 12, 79
"c:\Users\Bruce Vo\Documents\project\linguex\Streaming_Platform\frontend\.next\server\chunks\ssr\_49ba6fdf._.js", "JavaScript", 0, 0, 0, 0, 0, 0, 0, 506, 1, 22, 529
"c:\Users\Bruce Vo\Documents\project\linguex\Streaming_Platform\frontend\.next\server\chunks\ssr\_4b47c0cf._.js", "JavaScript", 0, 0, 0, 0, 0, 0, 0, 66, 1, 12, 79
"c:\Users\Bruce Vo\Documents\project\linguex\Streaming_Platform\frontend\.next\server\chunks\ssr\_519aa6d1._.js", "JavaScript", 0, 0, 0, 0, 0, 0, 0, -32, 0, 0, -32
"c:\Users\Bruce Vo\Documents\project\linguex\Streaming_Platform\frontend\.next\server\chunks\ssr\_51c4a45b._.js", "JavaScript", 0, 0, 0, 0, 0, 0, 0, 595, 3, 12, 610
"c:\Users\Bruce Vo\Documents\project\linguex\Streaming_Platform\frontend\.next\server\chunks\ssr\_51e73945._.js", "JavaScript", 0, 0, 0, 0, 0, 0, 0, 471, 1, 18, 490
"c:\Users\Bruce Vo\Documents\project\linguex\Streaming_Platform\frontend\.next\server\chunks\ssr\_59d40ead._.js", "JavaScript", 0, 0, 0, 0, 0, 0, 0, 842, 2, 18, 862
"c:\Users\Bruce Vo\Documents\project\linguex\Streaming_Platform\frontend\.next\server\chunks\ssr\_5a77d05a._.js", "JavaScript", 0, 0, 0, 0, 0, 0, 0, 289, 4, 21, 314
"c:\Users\Bruce Vo\Documents\project\linguex\Streaming_Platform\frontend\.next\server\chunks\ssr\_60fe3ed0._.js", "JavaScript", 0, 0, 0, 0, 0, 0, 0, 833, 4, 31, 868
"c:\Users\Bruce Vo\Documents\project\linguex\Streaming_Platform\frontend\.next\server\chunks\ssr\_6a6cfda1._.js", "JavaScript", 0, 0, 0, 0, 0, 0, 0, -15, 3, 0, -12
"c:\Users\Bruce Vo\Documents\project\linguex\Streaming_Platform\frontend\.next\server\chunks\ssr\_70705be7._.js", "JavaScript", 0, 0, 0, 0, 0, 0, 0, 363, 4, 24, 391
"c:\Users\Bruce Vo\Documents\project\linguex\Streaming_Platform\frontend\.next\server\chunks\ssr\_73875dad._.js", "JavaScript", 0, 0, 0, 0, 0, 0, 0, 630, 1, 19, 650
"c:\Users\Bruce Vo\Documents\project\linguex\Streaming_Platform\frontend\.next\server\chunks\ssr\_76f4a1e2._.js", "JavaScript", 0, 0, 0, 0, 0, 0, 0, 763, 2, 7, 772
"c:\Users\Bruce Vo\Documents\project\linguex\Streaming_Platform\frontend\.next\server\chunks\ssr\_7a8745e2._.js", "JavaScript", 0, 0, 0, 0, 0, 0, 0, 718, 2, 8, 728
"c:\Users\Bruce Vo\Documents\project\linguex\Streaming_Platform\frontend\.next\server\chunks\ssr\_82295b60._.js", "JavaScript", 0, 0, 0, 0, 0, 0, 0, 791, 2, 7, 800
"c:\Users\Bruce Vo\Documents\project\linguex\Streaming_Platform\frontend\.next\server\chunks\ssr\_8301a503._.js", "JavaScript", 0, 0, 0, 0, 0, 0, 0, 464, 1, 19, 484
"c:\Users\Bruce Vo\Documents\project\linguex\Streaming_Platform\frontend\.next\server\chunks\ssr\_83e0b2af._.js", "JavaScript", 0, 0, 0, 0, 0, 0, 0, 595, 3, 12, 610
"c:\Users\Bruce Vo\Documents\project\linguex\Streaming_Platform\frontend\.next\server\chunks\ssr\_863a2000._.js", "JavaScript", 0, 0, 0, 0, 0, 0, 0, 891, 2, 19, 912
"c:\Users\Bruce Vo\Documents\project\linguex\Streaming_Platform\frontend\.next\server\chunks\ssr\_9831ca18._.js", "JavaScript", 0, 0, 0, 0, 0, 0, 0, 27, 0, 0, 27
"c:\Users\Bruce Vo\Documents\project\linguex\Streaming_Platform\frontend\.next\server\chunks\ssr\_a1dcf1d9._.js", "JavaScript", 0, 0, 0, 0, 0, 0, 0, 1862, 25, 12, 1899
"c:\Users\Bruce Vo\Documents\project\linguex\Streaming_Platform\frontend\.next\server\chunks\ssr\_a5fd4c5a._.js", "JavaScript", 0, 0, 0, 0, 0, 0, 0, 1343, 62, 23, 1428
"c:\Users\Bruce Vo\Documents\project\linguex\Streaming_Platform\frontend\.next\server\chunks\ssr\_a8738c7a._.js", "JavaScript", 0, 0, 0, 0, 0, 0, 0, 344, 48, 13, 405
"c:\Users\Bruce Vo\Documents\project\linguex\Streaming_Platform\frontend\.next\server\chunks\ssr\_a9e2c56c._.js", "JavaScript", 0, 0, 0, 0, 0, 0, 0, 1714, 52, 36, 1802
"c:\Users\Bruce Vo\Documents\project\linguex\Streaming_Platform\frontend\.next\server\chunks\ssr\_baf11752._.js", "JavaScript", 0, 0, 0, 0, 0, 0, 0, 0, -9, 0, -9
"c:\Users\Bruce Vo\Documents\project\linguex\Streaming_Platform\frontend\.next\server\chunks\ssr\_bca0b29f._.js", "JavaScript", 0, 0, 0, 0, 0, 0, 0, 363, 4, 24, 391
"c:\Users\Bruce Vo\Documents\project\linguex\Streaming_Platform\frontend\.next\server\chunks\ssr\_c5b72467._.js", "JavaScript", 0, 0, 0, 0, 0, 0, 0, 659, 3, 7, 669
"c:\Users\Bruce Vo\Documents\project\linguex\Streaming_Platform\frontend\.next\server\chunks\ssr\_cc9a3b4a._.js", "JavaScript", 0, 0, 0, 0, 0, 0, 0, 449, 19, 10, 478
"c:\Users\Bruce Vo\Documents\project\linguex\Streaming_Platform\frontend\.next\server\chunks\ssr\_cff0ed03._.js", "JavaScript", 0, 0, 0, 0, 0, 0, 0, 1643, 24, 11, 1678
"c:\Users\Bruce Vo\Documents\project\linguex\Streaming_Platform\frontend\.next\server\chunks\ssr\_d206e29a._.js", "JavaScript", 0, 0, 0, 0, 0, 0, 0, 842, 2, 18, 862
"c:\Users\Bruce Vo\Documents\project\linguex\Streaming_Platform\frontend\.next\server\chunks\ssr\_d7fa6951._.js", "JavaScript", 0, 0, 0, 0, 0, 0, 0, 600, 3, 13, 616
"c:\Users\Bruce Vo\Documents\project\linguex\Streaming_Platform\frontend\.next\server\chunks\ssr\_da8e705a._.js", "JavaScript", 0, 0, 0, 0, 0, 0, 0, 96, 1, 13, 110
"c:\Users\Bruce Vo\Documents\project\linguex\Streaming_Platform\frontend\.next\server\chunks\ssr\_e5fffbb4._.js", "JavaScript", 0, 0, 0, 0, 0, 0, 0, 833, 1, 7, 841
"c:\Users\Bruce Vo\Documents\project\linguex\Streaming_Platform\frontend\.next\server\chunks\ssr\_ec56fbff._.js", "JavaScript", 0, 0, 0, 0, 0, 0, 0, 66, 1, 12, 79
"c:\Users\Bruce Vo\Documents\project\linguex\Streaming_Platform\frontend\.next\server\chunks\ssr\_ee4f345f._.js", "JavaScript", 0, 0, 0, 0, 0, 0, 0, 643, 1, 18, 662
"c:\Users\Bruce Vo\Documents\project\linguex\Streaming_Platform\frontend\.next\server\chunks\ssr\_f9dd05c7._.js", "JavaScript", 0, 0, 0, 0, 0, 0, 0, 588, 4, 30, 622
"c:\Users\Bruce Vo\Documents\project\linguex\Streaming_Platform\frontend\.next\server\chunks\ssr\_fc5c2acc._.js", "JavaScript", 0, 0, 0, 0, 0, 0, 0, 1144, 4, 7, 1155
"c:\Users\Bruce Vo\Documents\project\linguex\Streaming_Platform\frontend\.next\server\chunks\ssr\_fd465e95._.js", "JavaScript", 0, 0, 0, 0, 0, 0, 0, 1174, 45, 17, 1236
"c:\Users\Bruce Vo\Documents\project\linguex\Streaming_Platform\frontend\.next\server\chunks\ssr\app_(auth)_sign-in_page_tsx_e6815a91._.js", "JavaScript", 0, 0, 0, 0, 0, 0, 0, -169, -15, 0, -184
"c:\Users\Bruce Vo\Documents\project\linguex\Streaming_Platform\frontend\.next\server\chunks\ssr\node_modules_03bcc046._.js", "JavaScript", 0, 0, 0, 0, 0, 0, 0, 4211, 1091, 33, 5335
"c:\Users\Bruce Vo\Documents\project\linguex\Streaming_Platform\frontend\.next\server\chunks\ssr\node_modules_0a344632._.js", "JavaScript", 0, 0, 0, 0, 0, 0, 0, 4211, 1091, 33, 5335
"c:\Users\Bruce Vo\Documents\project\linguex\Streaming_Platform\frontend\.next\server\chunks\ssr\node_modules_0a485445._.js", "JavaScript", 0, 0, 0, 0, 0, 0, 0, 3692, 669, 89, 4450
"c:\Users\Bruce Vo\Documents\project\linguex\Streaming_Platform\frontend\.next\server\chunks\ssr\node_modules_138aef0f._.js", "JavaScript", 0, 0, 0, 0, 0, 0, 0, 11362, 1501, 39, 12902
"c:\Users\Bruce Vo\Documents\project\linguex\Streaming_Platform\frontend\.next\server\chunks\ssr\node_modules_1fe1724f._.js", "JavaScript", 0, 0, 0, 0, 0, 0, 0, 1248, 49, 65, 1362
"c:\Users\Bruce Vo\Documents\project\linguex\Streaming_Platform\frontend\.next\server\chunks\ssr\node_modules_2db1fc38._.js", "JavaScript", 0, 0, 0, 0, 0, 0, 0, 11391, 1507, 40, 12938
"c:\Users\Bruce Vo\Documents\project\linguex\Streaming_Platform\frontend\.next\server\chunks\ssr\node_modules_2dd2ea4a._.js", "JavaScript", 0, 0, 0, 0, 0, 0, 0, 679, 67, 35, 781
"c:\Users\Bruce Vo\Documents\project\linguex\Streaming_Platform\frontend\.next\server\chunks\ssr\node_modules_3b3ddf62._.js", "JavaScript", 0, 0, 0, 0, 0, 0, 0, 4211, 1091, 33, 5335
"c:\Users\Bruce Vo\Documents\project\linguex\Streaming_Platform\frontend\.next\server\chunks\ssr\node_modules_403e2b43._.js", "JavaScript", 0, 0, 0, 0, 0, 0, 0, 11127, 1402, 189, 12718
"c:\Users\Bruce Vo\Documents\project\linguex\Streaming_Platform\frontend\.next\server\chunks\ssr\node_modules_43cedd49._.js", "JavaScript", 0, 0, 0, 0, 0, 0, 0, 3651, 1052, 11, 4714
"c:\Users\Bruce Vo\Documents\project\linguex\Streaming_Platform\frontend\.next\server\chunks\ssr\node_modules_448cea27._.js", "JavaScript", 0, 0, 0, 0, 0, 0, 0, 6666, 1141, 48, 7855
"c:\Users\Bruce Vo\Documents\project\linguex\Streaming_Platform\frontend\.next\server\chunks\ssr\node_modules_530d25a5._.js", "JavaScript", 0, 0, 0, 0, 0, 0, 0, 11431, 1513, 42, 12986
"c:\Users\Bruce Vo\Documents\project\linguex\Streaming_Platform\frontend\.next\server\chunks\ssr\node_modules_548423e9._.js", "JavaScript", 0, 0, 0, 0, 0, 0, 0, 21911, 2672, 222, 24805
"c:\Users\Bruce Vo\Documents\project\linguex\Streaming_Platform\frontend\.next\server\chunks\ssr\node_modules_5d8330d5._.js", "JavaScript", 0, 0, 0, 0, 0, 0, 0, 18076, 1591, 210, 19877
"c:\Users\Bruce Vo\Documents\project\linguex\Streaming_Platform\frontend\.next\server\chunks\ssr\node_modules_68ca7d3e._.js", "JavaScript", 0, 0, 0, 0, 0, 0, 0, 3718, 1064, 13, 4795
"c:\Users\Bruce Vo\Documents\project\linguex\Streaming_Platform\frontend\.next\server\chunks\ssr\node_modules_6d558152._.js", "JavaScript", 0, 0, 0, 0, 0, 0, 0, 4181, 1091, 33, 5305
"c:\Users\Bruce Vo\Documents\project\linguex\Streaming_Platform\frontend\.next\server\chunks\ssr\node_modules_75979fd8._.js", "JavaScript", 0, 0, 0, 0, 0, 0, 0, 3983, 1088, 23, 5094
"c:\Users\Bruce Vo\Documents\project\linguex\Streaming_Platform\frontend\.next\server\chunks\ssr\node_modules_8000d830._.js", "JavaScript", 0, 0, 0, 0, 0, 0, 0, 7806, 246, 46, 8098
"c:\Users\Bruce Vo\Documents\project\linguex\Streaming_Platform\frontend\.next\server\chunks\ssr\node_modules_8524a0de._.js", "JavaScript", 0, 0, 0, 0, 0, 0, 0, 252, 31, 15, 298
"c:\Users\Bruce Vo\Documents\project\linguex\Streaming_Platform\frontend\.next\server\chunks\ssr\node_modules_8769bc06._.js", "JavaScript", 0, 0, 0, 0, 0, 0, 0, 3562, 1040, 5, 4607
"c:\Users\Bruce Vo\Documents\project\linguex\Streaming_Platform\frontend\.next\server\chunks\ssr\node_modules_8bb88407._.js", "JavaScript", 0, 0, 0, 0, 0, 0, 0, 11490, 1519, 44, 13053
"c:\Users\Bruce Vo\Documents\project\linguex\Streaming_Platform\frontend\.next\server\chunks\ssr\node_modules_8fd55326._.js", "JavaScript", 0, 0, 0, 0, 0, 0, 0, 4086, 723, 107, 4916
"c:\Users\Bruce Vo\Documents\project\linguex\Streaming_Platform\frontend\.next\server\chunks\ssr\node_modules_9f205e4a._.js", "JavaScript", 0, 0, 0, 0, 0, 0, 0, 1399, 67, 71, 1537
"c:\Users\Bruce Vo\Documents\project\linguex\Streaming_Platform\frontend\.next\server\chunks\ssr\node_modules_a3866330._.js", "JavaScript", 0, 0, 0, 0, 0, 0, 0, 21971, 1809, 265, 24045
"c:\Users\Bruce Vo\Documents\project\linguex\Streaming_Platform\frontend\.next\server\chunks\ssr\node_modules_a68643f5._.js", "JavaScript", 0, 0, 0, 0, 0, 0, 0, 1039, 67, 53, 1159
"c:\Users\Bruce Vo\Documents\project\linguex\Streaming_Platform\frontend\.next\server\chunks\ssr\node_modules_a6a3a872._.js", "JavaScript", 0, 0, 0, 0, 0, 0, 0, 4156, 1091, 30, 5277
"c:\Users\Bruce Vo\Documents\project\linguex\Streaming_Platform\frontend\.next\server\chunks\ssr\node_modules_bce26605._.js", "JavaScript", 0, 0, 0, 0, 0, 0, 0, 6666, 1141, 48, 7855
"c:\Users\Bruce Vo\Documents\project\linguex\Streaming_Platform\frontend\.next\server\chunks\ssr\node_modules_c42da23d._.js", "JavaScript", 0, 0, 0, 0, 0, 0, 0, 19714, 1740, 237, 21691
"c:\Users\Bruce Vo\Documents\project\linguex\Streaming_Platform\frontend\.next\server\chunks\ssr\node_modules_c4b5c272._.js", "JavaScript", 0, 0, 0, 0, 0, 0, 0, 22924, 1874, 261, 25059
"c:\Users\Bruce Vo\Documents\project\linguex\Streaming_Platform\frontend\.next\server\chunks\ssr\node_modules_c5074abf._.js", "JavaScript", 0, 0, 0, 0, 0, 0, 0, 519, 67, 27, 613
"c:\Users\Bruce Vo\Documents\project\linguex\Streaming_Platform\frontend\.next\server\chunks\ssr\node_modules_cba33596._.js", "JavaScript", 0, 0, 0, 0, 0, 0, 0, 3396, 639, 75, 4110
"c:\Users\Bruce Vo\Documents\project\linguex\Streaming_Platform\frontend\.next\server\chunks\ssr\node_modules_d6417345._.js", "JavaScript", 0, 0, 0, 0, 0, 0, 0, 4181, 1091, 33, 5305
"c:\Users\Bruce Vo\Documents\project\linguex\Streaming_Platform\frontend\.next\server\chunks\ssr\node_modules_e34c6155._.js", "JavaScript", 0, 0, 0, 0, 0, 0, 0, 3687, 1058, 11, 4756
"c:\Users\Bruce Vo\Documents\project\linguex\Streaming_Platform\frontend\.next\server\chunks\ssr\node_modules_e85727d1._.js", "JavaScript", 0, 0, 0, 0, 0, 0, 0, 11379, 1507, 40, 12926
"c:\Users\Bruce Vo\Documents\project\linguex\Streaming_Platform\frontend\.next\server\chunks\ssr\node_modules_f4ef7ee5._.js", "JavaScript", 0, 0, 0, 0, 0, 0, 0, 477, 55, 27, 559
"c:\Users\Bruce Vo\Documents\project\linguex\Streaming_Platform\frontend\.next\server\chunks\ssr\node_modules_fb1fe7ba._.js", "JavaScript", 0, 0, 0, 0, 0, 0, 0, 3835, 1076, 17, 4928
"c:\Users\Bruce Vo\Documents\project\linguex\Streaming_Platform\frontend\.next\server\chunks\ssr\node_modules_next_30d1a681._.js", "JavaScript", 0, 0, 0, 0, 0, 0, 0, 2763, 48, 32, 2843
"c:\Users\Bruce Vo\Documents\project\linguex\Streaming_Platform\frontend\.next\server\chunks\ssr\node_modules_next_989ab699._.js", "JavaScript", 0, 0, 0, 0, 0, 0, 0, 20996, 1695, 222, 22913
"c:\Users\Bruce Vo\Documents\project\linguex\Streaming_Platform\frontend\.next\server\chunks\ssr\node_modules_next_a6826c32._.js", "JavaScript", 0, 0, 0, 0, 0, 0, 0, 22639, 1844, 250, 24733
"c:\Users\Bruce Vo\Documents\project\linguex\Streaming_Platform\frontend\.next\server\chunks\ssr\node_modules_next_d33bf99e._.js", "JavaScript", 0, 0, 0, 0, 0, 0, 0, 2763, 48, 32, 2843
"c:\Users\Bruce Vo\Documents\project\linguex\Streaming_Platform\frontend\.next\server\chunks\ssr\node_modules_next_d9a2b5b7._.js", "JavaScript", 0, 0, 0, 0, 0, 0, 0, 22634, 1844, 249, 24727
"c:\Users\Bruce Vo\Documents\project\linguex\Streaming_Platform\frontend\.next\server\chunks\ssr\node_modules_next_dist_08aca538._.js", "JavaScript", 0, 0, 0, 0, 0, 0, 0, 266, 4, 16, 286
"c:\Users\Bruce Vo\Documents\project\linguex\Streaming_Platform\frontend\.next\server\chunks\ssr\node_modules_next_dist_414379cd._.js", "JavaScript", 0, 0, 0, 0, 0, 0, 0, 334, 4, 16, 354
"c:\Users\Bruce Vo\Documents\project\linguex\Streaming_Platform\frontend\.next\server\chunks\ssr\node_modules_next_dist_8a837b25._.js", "JavaScript", 0, 0, 0, 0, 0, 0, 0, 334, 4, 16, 354
"c:\Users\Bruce Vo\Documents\project\linguex\Streaming_Platform\frontend\.next\server\chunks\ssr\node_modules_next_dist_aceaad59._.js", "JavaScript", 0, 0, 0, 0, 0, 0, 0, 342, 4, 16, 362
"c:\Users\Bruce Vo\Documents\project\linguex\Streaming_Platform\frontend\.next\server\chunks\ssr\node_modules_next_dist_baaafdcf._.js", "JavaScript", 0, 0, 0, 0, 0, 0, 0, 334, 4, 16, 354
"c:\Users\Bruce Vo\Documents\project\linguex\Streaming_Platform\frontend\.next\server\chunks\ssr\node_modules_next_dist_c8aafa91._.js", "JavaScript", 0, 0, 0, 0, 0, 0, 0, 287, 4, 19, 310
"c:\Users\Bruce Vo\Documents\project\linguex\Streaming_Platform\frontend\.next\server\chunks\ssr\node_modules_next_dist_f491c985._.js", "JavaScript", 0, 0, 0, 0, 0, 0, 0, 22584, 1840, 247, 24671
"c:\Users\Bruce Vo\Documents\project\linguex\Streaming_Platform\frontend\.next\server\chunks\ssr\node_modules_next_ed21ef1b._.js", "JavaScript", 0, 0, 0, 0, 0, 0, 0, 20996, 1695, 222, 22913
"c:\Users\Bruce Vo\Documents\project\linguex\Streaming_Platform\frontend\.next\server\chunks\ssr\node_modules_react-icons_fa6_index_mjs_d21d9af8._.js", "JavaScript", 0, 0, 0, 0, 0, 0, 0, 38923, 2, 4, 38929
"c:\Users\Bruce Vo\Documents\project\linguex\Streaming_Platform\frontend\.next\server\chunks\ssr\node_modules_react-icons_lib_b806b5fe._.js", "JavaScript", 0, 0, 0, 0, 0, 0, 0, 151, 1, 5, 157
"c:\Users\Bruce Vo\Documents\project\linguex\Streaming_Platform\frontend\.next\server\chunks\ssr\node_modules_swiper_50458eb0._.js", "JavaScript", 0, 0, 0, 0, 0, 0, 0, 10278, 359, 41, 10678
"c:\Users\Bruce Vo\Documents\project\linguex\Streaming_Platform\frontend\.next\server\chunks\ssr\node_modules_swiper_65f9b25a._.js", "JavaScript", 0, 0, 0, 0, 0, 0, 0, 10278, 359, 41, 10678
"c:\Users\Bruce Vo\Documents\project\linguex\Streaming_Platform\frontend\.next\server\chunks\ssr\node_modules_swiper_ff4654a4._.js", "JavaScript", 0, 0, 0, 0, 0, 0, 0, 4885, 199, 9, 5093
"c:\Users\Bruce Vo\Documents\project\linguex\Streaming_Platform\frontend\.next\server\chunks\ssr\node_modules_tailwind-merge_dist_bundle-mjs_mjs_6c53872a._.js", "JavaScript", 0, 0, 0, 0, 0, 0, 0, 3539, 1040, 4, 4583
"c:\Users\Bruce Vo\Documents\project\linguex\Streaming_Platform\frontend\.next\server\next-font-manifest.json", "JSON", -4, 0, 0, 0, 0, 0, 0, 0, 0, 0, -4
"c:\Users\Bruce Vo\Documents\project\linguex\Streaming_Platform\frontend\.next\static\chunks\[root-of-the-server]__9d126714._.css", "CSS", 0, 0, 0, 0, 0, 0, 1139, 0, 0, 275, 1414
"c:\Users\Bruce Vo\Documents\project\linguex\Streaming_Platform\frontend\.next\static\chunks\_01371e4a._.js", "JavaScript", 0, 0, 0, 0, 0, 0, 0, 1214, 45, 16, 1275
"c:\Users\Bruce Vo\Documents\project\linguex\Streaming_Platform\frontend\.next\static\chunks\_035e8c6d._.js", "JavaScript", 0, 0, 0, 0, 0, 0, 0, -295, -4, 2, -297
"c:\Users\Bruce Vo\Documents\project\linguex\Streaming_Platform\frontend\.next\static\chunks\_071c73f2._.js", "JavaScript", 0, 0, 0, 0, 0, 0, 0, 683, 3, 6, 692
"c:\Users\Bruce Vo\Documents\project\linguex\Streaming_Platform\frontend\.next\static\chunks\_211c2949._.js", "JavaScript", 0, 0, 0, 0, 0, 0, 0, -15, 3, 0, -12
"c:\Users\Bruce Vo\Documents\project\linguex\Streaming_Platform\frontend\.next\static\chunks\_221e60f6._.js", "JavaScript", 0, 0, 0, 0, 0, 0, 0, 1386, 44, 17, 1447
"c:\Users\Bruce Vo\Documents\project\linguex\Streaming_Platform\frontend\.next\static\chunks\_29c2fb8e._.js", "JavaScript", 0, 0, 0, 0, 0, 0, 0, -26, -7, 0, -33
"c:\Users\Bruce Vo\Documents\project\linguex\Streaming_Platform\frontend\.next\static\chunks\_3fbf6168._.js", "JavaScript", 0, 0, 0, 0, 0, 0, 0, 1027, 15, 9, 1051
"c:\Users\Bruce Vo\Documents\project\linguex\Streaming_Platform\frontend\.next\static\chunks\_46e4fd3d._.js", "JavaScript", 0, 0, 0, 0, 0, 0, 0, 1220, 2, 8, 1230
"c:\Users\Bruce Vo\Documents\project\linguex\Streaming_Platform\frontend\.next\static\chunks\_6361dba8._.js", "JavaScript", 0, 0, 0, 0, 0, 0, 0, 381, 48, 12, 441
"c:\Users\Bruce Vo\Documents\project\linguex\Streaming_Platform\frontend\.next\static\chunks\_6ba32021._.js", "JavaScript", 0, 0, 0, 0, 0, 0, 0, 749, 2, 7, 758
"c:\Users\Bruce Vo\Documents\project\linguex\Streaming_Platform\frontend\.next\static\chunks\_6dda5018._.js", "JavaScript", 0, 0, 0, 0, 0, 0, 0, 1170, 4, 6, 1180
"c:\Users\Bruce Vo\Documents\project\linguex\Streaming_Platform\frontend\.next\static\chunks\_747a5303._.js", "JavaScript", 0, 0, 0, 0, 0, 0, 0, 362, 39, 12, 413
"c:\Users\Bruce Vo\Documents\project\linguex\Streaming_Platform\frontend\.next\static\chunks\_849dbb14._.js", "JavaScript", 0, 0, 0, 0, 0, 0, 0, 1725, 85, 25, 1835
"c:\Users\Bruce Vo\Documents\project\linguex\Streaming_Platform\frontend\.next\static\chunks\_885cd454._.js", "JavaScript", 0, 0, 0, 0, 0, 0, 0, 2315, 40, 11, 2366
"c:\Users\Bruce Vo\Documents\project\linguex\Streaming_Platform\frontend\.next\static\chunks\_8a0512e5._.js", "JavaScript", 0, 0, 0, 0, 0, 0, 0, 1412, 10, 11, 1433
"c:\Users\Bruce Vo\Documents\project\linguex\Streaming_Platform\frontend\.next\static\chunks\_9bdacf30._.js", "JavaScript", 0, 0, 0, 0, 0, 0, 0, 0, -9, 0, -9
"c:\Users\Bruce Vo\Documents\project\linguex\Streaming_Platform\frontend\.next\static\chunks\_9e3b46e5._.js", "JavaScript", 0, 0, 0, 0, 0, 0, 0, 1350, 3, 9, 1362
"c:\Users\Bruce Vo\Documents\project\linguex\Streaming_Platform\frontend\.next\static\chunks\_9f005748._.js", "JavaScript", 0, 0, 0, 0, 0, 0, 0, 27, 0, 0, 27
"c:\Users\Bruce Vo\Documents\project\linguex\Streaming_Platform\frontend\.next\static\chunks\_a2254658._.js", "JavaScript", 0, 0, 0, 0, 0, 0, 0, 2811, 14, 44, 2869
"c:\Users\Bruce Vo\Documents\project\linguex\Streaming_Platform\frontend\.next\static\chunks\_a5c0fcf9._.js", "JavaScript", 0, 0, 0, 0, 0, 0, 0, 825, 2, 6, 833
"c:\Users\Bruce Vo\Documents\project\linguex\Streaming_Platform\frontend\.next\static\chunks\_ab4403ab._.js", "JavaScript", 0, 0, 0, 0, 0, 0, 0, 1898, 13, 11, 1922
"c:\Users\Bruce Vo\Documents\project\linguex\Streaming_Platform\frontend\.next\static\chunks\_af2b3c56._.js", "JavaScript", 0, 0, 0, 0, 0, 0, 0, 478, 25, 7, 510
"c:\Users\Bruce Vo\Documents\project\linguex\Streaming_Platform\frontend\.next\static\chunks\_b0e1f07f._.js", "JavaScript", 0, 0, 0, 0, 0, 0, 0, 509, 19, 9, 537
"c:\Users\Bruce Vo\Documents\project\linguex\Streaming_Platform\frontend\.next\static\chunks\_b509b6f5._.js", "JavaScript", 0, 0, 0, 0, 0, 0, 0, 853, 1, 6, 860
"c:\Users\Bruce Vo\Documents\project\linguex\Streaming_Platform\frontend\.next\static\chunks\_b6a9bc56._.js", "JavaScript", 0, 0, 0, 0, 0, 0, 0, 795, 3, 8, 806
"c:\Users\Bruce Vo\Documents\project\linguex\Streaming_Platform\frontend\.next\static\chunks\_b887fab8._.js", "JavaScript", 0, 0, 0, 0, 0, 0, 0, 274, 2, 6, 282
"c:\Users\Bruce Vo\Documents\project\linguex\Streaming_Platform\frontend\.next\static\chunks\_c5c3af78._.js", "JavaScript", 0, 0, 0, 0, 0, 0, 0, 1380, 62, 22, 1464
"c:\Users\Bruce Vo\Documents\project\linguex\Streaming_Platform\frontend\.next\static\chunks\_ceecc2f2._.js", "JavaScript", 0, 0, 0, 0, 0, 0, 0, -74, 3, 0, -71
"c:\Users\Bruce Vo\Documents\project\linguex\Streaming_Platform\frontend\.next\static\chunks\_d3b5242f._.js", "JavaScript", 0, 0, 0, 0, 0, 0, 0, 2003, 25, 11, 2039
"c:\Users\Bruce Vo\Documents\project\linguex\Streaming_Platform\frontend\.next\static\chunks\_e2f439d0._.js", "JavaScript", 0, 0, 0, 0, 0, 0, 0, 1715, 86, 24, 1825
"c:\Users\Bruce Vo\Documents\project\linguex\Streaming_Platform\frontend\.next\static\chunks\_ebd5798f._.js", "JavaScript", 0, 0, 0, 0, 0, 0, 0, 2162, 32, 13, 2207
"c:\Users\Bruce Vo\Documents\project\linguex\Streaming_Platform\frontend\.next\static\chunks\_f211027b._.js", "JavaScript", 0, 0, 0, 0, 0, 0, 0, 1776, 24, 10, 1810
"c:\Users\Bruce Vo\Documents\project\linguex\Streaming_Platform\frontend\.next\static\chunks\_f2677280._.js", "JavaScript", 0, 0, 0, 0, 0, 0, 0, 797, 2, 6, 805
"c:\Users\Bruce Vo\Documents\project\linguex\Streaming_Platform\frontend\.next\static\chunks\app_(auth)_sign-in_page_tsx_2fb71492._.js", "JavaScript", 0, 0, 0, 0, 0, 0, 0, 8, 0, 1, 9
"c:\Users\Bruce Vo\Documents\project\linguex\Streaming_Platform\frontend\.next\static\chunks\app_(auth)_sign-in_page_tsx_35904245._.js", "JavaScript", 0, 0, 0, 0, 0, 0, 0, -170, -15, 0, -185
"c:\Users\Bruce Vo\Documents\project\linguex\Streaming_Platform\frontend\.next\static\chunks\app_(auth)_sign-in_page_tsx_a67eeb27._.js", "JavaScript", 0, 0, 0, 0, 0, 0, 0, 8, 0, 1, 9
"c:\Users\Bruce Vo\Documents\project\linguex\Streaming_Platform\frontend\.next\static\chunks\app_(auth)_sign-up_page_tsx_2fb71492._.js", "JavaScript", 0, 0, 0, 0, 0, 0, 0, 8, 0, 1, 9
"c:\Users\Bruce Vo\Documents\project\linguex\Streaming_Platform\frontend\.next\static\chunks\app_(auth)_sign-up_page_tsx_a67eeb27._.js", "JavaScript", 0, 0, 0, 0, 0, 0, 0, 8, 0, 1, 9
"c:\Users\Bruce Vo\Documents\project\linguex\Streaming_Platform\frontend\.next\static\chunks\app_(protected)_(dashBoard)_files_page_tsx_27e16dac._.js", "JavaScript", 0, 0, 0, 0, 0, 0, 0, 8, 0, 1, 9
"c:\Users\Bruce Vo\Documents\project\linguex\Streaming_Platform\frontend\.next\static\chunks\app_(protected)_(dashBoard)_layout_tsx_187cced3._.js", "JavaScript", 0, 0, 0, 0, 0, 0, 0, 8, 0, 1, 9
"c:\Users\Bruce Vo\Documents\project\linguex\Streaming_Platform\frontend\.next\static\chunks\app_(protected)_(dashBoard)_layout_tsx_40f460b6._.js", "JavaScript", 0, 0, 0, 0, 0, 0, 0, 8, 0, 1, 9
"c:\Users\Bruce Vo\Documents\project\linguex\Streaming_Platform\frontend\.next\static\chunks\app_(protected)_(dashBoard)_layout_tsx_b18cfa26._.js", "JavaScript", 0, 0, 0, 0, 0, 0, 0, 8, 0, 1, 9
"c:\Users\Bruce Vo\Documents\project\linguex\Streaming_Platform\frontend\.next\static\chunks\app_(protected)_(dashBoard)_materials_page_tsx_204d4c62._.js", "JavaScript", 0, 0, 0, 0, 0, 0, 0, 7, 0, 1, 8
"c:\Users\Bruce Vo\Documents\project\linguex\Streaming_Platform\frontend\.next\static\chunks\app_(protected)_(dashBoard)_materials_page_tsx_27e16dac._.js", "JavaScript", 0, 0, 0, 0, 0, 0, 0, 7, 0, 1, 8
"c:\Users\Bruce Vo\Documents\project\linguex\Streaming_Platform\frontend\.next\static\chunks\app_(protected)_(dashBoard)_materials_page_tsx_f0d8665b._.js", "JavaScript", 0, 0, 0, 0, 0, 0, 0, 7, 0, 1, 8
"c:\Users\Bruce Vo\Documents\project\linguex\Streaming_Platform\frontend\.next\static\chunks\app_(protected)_(dashBoard)_materials_upload_page_tsx_27e16dac._.js", "JavaScript", 0, 0, 0, 0, 0, 0, 0, 8, 0, 1, 9
"c:\Users\Bruce Vo\Documents\project\linguex\Streaming_Platform\frontend\.next\static\chunks\app_(protected)_(dashBoard)_materials_upload_page_tsx_f0d8665b._.js", "JavaScript", 0, 0, 0, 0, 0, 0, 0, 8, 0, 1, 9
"c:\Users\Bruce Vo\Documents\project\linguex\Streaming_Platform\frontend\.next\static\chunks\app_(protected)_(dashBoard)_notifications_page_tsx_f0d8665b._.js", "JavaScript", 0, 0, 0, 0, 0, 0, 0, 1, 0, 0, 1
"c:\Users\Bruce Vo\Documents\project\linguex\Streaming_Platform\frontend\.next\static\chunks\app_(protected)_(dashBoard)_page_tsx_27e16dac._.js", "JavaScript", 0, 0, 0, 0, 0, 0, 0, 5, 0, 1, 6
"c:\Users\Bruce Vo\Documents\project\linguex\Streaming_Platform\frontend\.next\static\chunks\app_(protected)_(dashBoard)_page_tsx_53769dcd._.js", "JavaScript", 0, 0, 0, 0, 0, 0, 0, 5, 0, 1, 6
"c:\Users\Bruce Vo\Documents\project\linguex\Streaming_Platform\frontend\.next\static\chunks\app_(protected)_(dashBoard)_page_tsx_6c4b67ce._.js", "JavaScript", 0, 0, 0, 0, 0, 0, 0, 5, 0, 1, 6
"c:\Users\Bruce Vo\Documents\project\linguex\Streaming_Platform\frontend\.next\static\chunks\app_(protected)_(dashBoard)_page_tsx_f0d8665b._.js", "JavaScript", 0, 0, 0, 0, 0, 0, 0, -2, 0, 0, -2
"c:\Users\Bruce Vo\Documents\project\linguex\Streaming_Platform\frontend\.next\static\chunks\app_(protected)_(dashBoard)_page_tsx_f88144d4._.js", "JavaScript", 0, 0, 0, 0, 0, 0, 0, 5, 0, 1, 6
"c:\Users\Bruce Vo\Documents\project\linguex\Streaming_Platform\frontend\.next\static\chunks\app_(protected)_(dashBoard)_profile_page_tsx_53769dcd._.js", "JavaScript", 0, 0, 0, 0, 0, 0, 0, 8, 0, 1, 9
"c:\Users\Bruce Vo\Documents\project\linguex\Streaming_Platform\frontend\.next\static\chunks\app_(protected)_layout_tsx_2fb71492._.js", "JavaScript", 0, 0, 0, 0, 0, 0, 0, 7, 0, 1, 8
"c:\Users\Bruce Vo\Documents\project\linguex\Streaming_Platform\frontend\.next\static\chunks\app_(protected)_layout_tsx_a67eeb27._.js", "JavaScript", 0, 0, 0, 0, 0, 0, 0, 7, 0, 1, 8
"c:\Users\Bruce Vo\Documents\project\linguex\Streaming_Platform\frontend\.next\static\chunks\app_(protected)_page_tsx_26dbb2e0._.js", "JavaScript", 0, 0, 0, 0, 0, 0, 0, 7, 0, 1, 8
"c:\Users\Bruce Vo\Documents\project\linguex\Streaming_Platform\frontend\.next\static\chunks\app_(protected)_page_tsx_a63a88c5._.js", "JavaScript", 0, 0, 0, 0, 0, 0, 0, 7, 0, 1, 8
"c:\Users\Bruce Vo\Documents\project\linguex\Streaming_Platform\frontend\.next\static\chunks\app_(protected)_page_tsx_e7e8eb0f._.js", "JavaScript", 0, 0, 0, 0, 0, 0, 0, 5, 0, 1, 6
"c:\Users\Bruce Vo\Documents\project\linguex\Streaming_Platform\frontend\.next\static\chunks\app_(protected)_profile_page_tsx_187cced3._.js", "JavaScript", 0, 0, 0, 0, 0, 0, 0, 8, 0, 1, 9
"c:\Users\Bruce Vo\Documents\project\linguex\Streaming_Platform\frontend\.next\static\chunks\app_globals_css_f9ee138c._.single.css", "CSS", 0, 0, 0, 0, 0, 0, 1139, 0, 0, 275, 1414
"c:\Users\Bruce Vo\Documents\project\linguex\Streaming_Platform\frontend\.next\static\chunks\app_page_tsx_a67eeb27._.js", "JavaScript", 0, 0, 0, 0, 0, 0, 0, 9, 0, 1, 10
"c:\Users\Bruce Vo\Documents\project\linguex\Streaming_Platform\frontend\.next\static\chunks\node_modules_087db1be._.js", "JavaScript", 0, 0, 0, 0, 0, 0, 0, 18361, 1637, 92, 20090
"c:\Users\Bruce Vo\Documents\project\linguex\Streaming_Platform\frontend\.next\static\chunks\node_modules_08a2e30e._.js", "JavaScript", 0, 0, 0, 0, 0, 0, 0, 13532, 1459, 89, 15080
"c:\Users\Bruce Vo\Documents\project\linguex\Streaming_Platform\frontend\.next\static\chunks\node_modules_0932da54._.js", "JavaScript", 0, 0, 0, 0, 0, 0, 0, 13328, 1477, 78, 14883
"c:\Users\Bruce Vo\Documents\project\linguex\Streaming_Platform\frontend\.next\static\chunks\node_modules_0bb8a147._.js", "JavaScript", 0, 0, 0, 0, 0, 0, 0, 13688, 1477, 96, 15261
"c:\Users\Bruce Vo\Documents\project\linguex\Streaming_Platform\frontend\.next\static\chunks\node_modules_0df1685b._.js", "JavaScript", 0, 0, 0, 0, 0, 0, 0, 12968, 1477, 60, 14505
"c:\Users\Bruce Vo\Documents\project\linguex\Streaming_Platform\frontend\.next\static\chunks\node_modules_17120478._.js", "JavaScript", 0, 0, 0, 0, 0, 0, 0, 9366, 867, 113, 10346
"c:\Users\Bruce Vo\Documents\project\linguex\Streaming_Platform\frontend\.next\static\chunks\node_modules_2c3b78d9._.js", "JavaScript", 0, 0, 0, 0, 0, 0, 0, 8972, 813, 95, 9880
"c:\Users\Bruce Vo\Documents\project\linguex\Streaming_Platform\frontend\.next\static\chunks\node_modules_35cab2ff._.js", "JavaScript", 0, 0, 0, 0, 0, 0, 0, 8681, 783, 82, 9546
"c:\Users\Bruce Vo\Documents\project\linguex\Streaming_Platform\frontend\.next\static\chunks\node_modules_40ebdbf7._.js", "JavaScript", 0, 0, 0, 0, 0, 0, 0, 3718, 1064, 12, 4794
"c:\Users\Bruce Vo\Documents\project\linguex\Streaming_Platform\frontend\.next\static\chunks\node_modules_474403c9._.js", "JavaScript", 0, 0, 0, 0, 0, 0, 0, 3687, 1058, 10, 4755
"c:\Users\Bruce Vo\Documents\project\linguex\Streaming_Platform\frontend\.next\static\chunks\node_modules_4bbe0de1._.js", "JavaScript", 0, 0, 0, 0, 0, 0, 0, 11511, 1510, 43, 13064
"c:\Users\Bruce Vo\Documents\project\linguex\Streaming_Platform\frontend\.next\static\chunks\node_modules_697000f8._.js", "JavaScript", 0, 0, 0, 0, 0, 0, 0, 4699, 1151, 21, 5871
"c:\Users\Bruce Vo\Documents\project\linguex\Streaming_Platform\frontend\.next\static\chunks\node_modules_7c573168._.js", "JavaScript", 0, 0, 0, 0, 0, 0, 0, 3835, 1076, 16, 4927
"c:\Users\Bruce Vo\Documents\project\linguex\Streaming_Platform\frontend\.next\static\chunks\node_modules_7f7be971._.js", "JavaScript", 0, 0, 0, 0, 0, 0, 0, 3562, 1040, 4, 4606
"c:\Users\Bruce Vo\Documents\project\linguex\Streaming_Platform\frontend\.next\static\chunks\node_modules_89168b15._.js", "JavaScript", 0, 0, 0, 0, 0, 0, 0, 3651, 1052, 10, 4713
"c:\Users\Bruce Vo\Documents\project\linguex\Streaming_Platform\frontend\.next\static\chunks\node_modules_8cb68ee9._.js", "JavaScript", 0, 0, 0, 0, 0, 0, 0, 7854, 1267, 45, 9166
"c:\Users\Bruce Vo\Documents\project\linguex\Streaming_Platform\frontend\.next\static\chunks\node_modules_93a0c8b4._.js", "JavaScript", 0, 0, 0, 0, 0, 0, 0, 4817, 288, 63, 5168
"c:\Users\Bruce Vo\Documents\project\linguex\Streaming_Platform\frontend\.next\static\chunks\node_modules_996414f8._.js", "JavaScript", 0, 0, 0, 0, 0, 0, 0, 11412, 1498, 39, 12949
"c:\Users\Bruce Vo\Documents\project\linguex\Streaming_Platform\frontend\.next\static\chunks\node_modules_a526304a._.js", "JavaScript", 0, 0, 0, 0, 0, 0, 0, 11383, 1492, 38, 12913
"c:\Users\Bruce Vo\Documents\project\linguex\Streaming_Platform\frontend\.next\static\chunks\node_modules_bae8d9bd._.js", "JavaScript", 0, 0, 0, 0, 0, 0, 0, 3983, 1088, 22, 5093
"c:\Users\Bruce Vo\Documents\project\linguex\Streaming_Platform\frontend\.next\static\chunks\node_modules_c1d9490c._.js", "JavaScript", 0, 0, 0, 0, 0, 0, 0, 7242, 591, 92, 7925
"c:\Users\Bruce Vo\Documents\project\linguex\Streaming_Platform\frontend\.next\static\chunks\node_modules_c59c7ae1._.js", "JavaScript", 0, 0, 0, 0, 0, 0, 0, 11400, 1498, 39, 12937
"c:\Users\Bruce Vo\Documents\project\linguex\Streaming_Platform\frontend\.next\static\chunks\node_modules_cc5449fa._.js", "JavaScript", 0, 0, 0, 0, 0, 0, 0, 11452, 1504, 41, 12997
"c:\Users\Bruce Vo\Documents\project\linguex\Streaming_Platform\frontend\.next\static\chunks\node_modules_d0874774._.js", "JavaScript", 0, 0, 0, 0, 0, 0, 0, 7901, 1279, 46, 9226
"c:\Users\Bruce Vo\Documents\project\linguex\Streaming_Platform\frontend\.next\static\chunks\node_modules_d30e0e48._.js", "JavaScript", 0, 0, 0, 0, 0, 0, 0, 7578, 1239, 31, 8848
"c:\Users\Bruce Vo\Documents\project\linguex\Streaming_Platform\frontend\.next\static\chunks\node_modules_ea7e53e6._.js", "JavaScript", 0, 0, 0, 0, 0, 0, 0, 19081, 1637, 128, 20846
"c:\Users\Bruce Vo\Documents\project\linguex\Streaming_Platform\frontend\.next\static\chunks\node_modules_next_dist_b758c999._.js", "JavaScript", 0, 0, 0, 0, 0, 0, 0, 864, 70, 9, 943
"c:\Users\Bruce Vo\Documents\project\linguex\Streaming_Platform\frontend\.next\static\chunks\node_modules_swiper_62da158d._.css", "CSS", 0, 0, 0, 0, 0, 0, 250, 0, 3, 58, 311
"c:\Users\Bruce Vo\Documents\project\linguex\Streaming_Platform\frontend\.next\static\chunks\node_modules_swiper_cd02c8fe._.css", "CSS", 0, 0, 0, 0, 0, 0, 229, 0, 3, 52, 284
"c:\Users\Bruce Vo\Documents\project\linguex\Streaming_Platform\frontend\.next\static\chunks\node_modules_swiper_modules_navigation_css_f9ee138c._.single.css", "CSS", 0, 0, 0, 0, 0, 0, 63, 0, 2, 13, 78
"c:\Users\Bruce Vo\Documents\project\linguex\Streaming_Platform\frontend\.next\static\chunks\node_modules_swiper_modules_scrollbar_css_f9ee138c._.single.css", "CSS", 0, 0, 0, 0, 0, 0, 42, 0, 2, 7, 51
"c:\Users\Bruce Vo\Documents\project\linguex\Streaming_Platform\frontend\.next\static\chunks\node_modules_swiper_swiper_css_f9ee138c._.single.css", "CSS", 0, 0, 0, 0, 0, 0, 187, 0, 2, 43, 232
"c:\Users\Bruce Vo\Documents\project\linguex\Streaming_Platform\frontend\.next\static\chunks\node_modules_swiper_swiper_d460eece.css", "CSS", 0, 0, 0, 0, 0, 0, 187, 0, 2, 44, 233
"c:\Users\Bruce Vo\Documents\project\linguex\Streaming_Platform\frontend\app\(auth)\sign-in\page.tsx", "TypeScript JSX", 0, 0, 0, 0, 0, -59, 0, 0, -50, -10, -119
"c:\Users\Bruce Vo\Documents\project\linguex\Streaming_Platform\frontend\app\(auth)\sign-up\page.tsx", "TypeScript JSX", 0, 0, 0, 0, 0, 25, 0, 0, 3, 2, 30
"c:\Users\Bruce Vo\Documents\project\linguex\Streaming_Platform\frontend\app\(protected)\(dashBoard)\friends\add\page.tsx", "TypeScript JSX", 0, 0, 0, 0, 0, -368, 0, 0, -29, -58, -455
"c:\Users\Bruce Vo\Documents\project\linguex\Streaming_Platform\frontend\app\(protected)\(dashBoard)\friends\page.tsx", "TypeScript JSX", 0, 0, 0, 0, 0, -310, 0, 0, -11, -29, -350
"c:\Users\Bruce Vo\Documents\project\linguex\Streaming_Platform\frontend\app\(protected)\(dashBoard)\layout.tsx", "TypeScript JSX", 0, 0, 0, 0, 0, -34, 0, 0, -5, -7, -46
"c:\Users\Bruce Vo\Documents\project\linguex\Streaming_Platform\frontend\app\(protected)\(dashBoard)\notifications\page.tsx", "TypeScript JSX", 0, 0, 0, 0, 0, -161, 0, 0, -4, -12, -177
"c:\Users\Bruce Vo\Documents\project\linguex\Streaming_Platform\frontend\app\(protected)\(dashBoard)\page.tsx", "TypeScript JSX", 0, 0, 0, 0, 0, -120, 0, 0, -7, -16, -143
"c:\Users\Bruce Vo\Documents\project\linguex\Streaming_Platform\frontend\app\(protected)\(dashBoard)\profile\page.tsx", "TypeScript JSX", 0, 0, 0, 0, 0, -135, 0, 0, -8, -15, -158
"c:\Users\Bruce Vo\Documents\project\linguex\Streaming_Platform\frontend\app\(protected)\call\[id]\page.tsx", "TypeScript JSX", 0, 0, 0, 0, 0, 1, 0, 0, 0, 0, 1
"c:\Users\Bruce Vo\Documents\project\linguex\Streaming_Platform\frontend\app\(protected)\chat\[id]\page.tsx", "TypeScript JSX", 0, 0, 0, 0, 0, 1, 0, 0, 0, 0, 1
"c:\Users\Bruce Vo\Documents\project\linguex\Streaming_Platform\frontend\app\(protected)\layout.tsx", "TypeScript JSX", 0, 0, 0, 0, 0, -4, 0, 0, -10, -5, -19
"c:\Users\Bruce Vo\Documents\project\linguex\Streaming_Platform\frontend\app\(protected)\onBoarding\page.tsx", "TypeScript JSX", 0, 0, 0, 0, 0, 8, 0, 0, 0, 0, 8
"c:\Users\Bruce Vo\Documents\project\linguex\Streaming_Platform\frontend\app\(protected)\profile\page.tsx", "TypeScript JSX", 0, 0, 0, 0, 0, 252, 0, 0, 14, 22, 288
"c:\Users\Bruce Vo\Documents\project\linguex\Streaming_Platform\frontend\app\api\auth\[...nextauth]\route.ts", "TypeScript", 0, -16, 0, 0, 0, 0, 0, 0, -3, 2, -17
"c:\Users\Bruce Vo\Documents\project\linguex\Streaming_Platform\frontend\app\globals.css", "CSS", 0, 0, 0, 0, 0, 0, 23, 0, 2, 3, 28
"c:\Users\Bruce Vo\Documents\project\linguex\Streaming_Platform\frontend\app\layout.tsx", "TypeScript JSX", 0, 0, 0, 0, 0, -3, 0, 0, 0, 0, -3
"c:\Users\Bruce Vo\Documents\project\linguex\Streaming_Platform\frontend\app\page.tsx", "TypeScript JSX", 0, 0, 0, 0, 0, 41, 0, 0, 7, 5, 53
"c:\Users\Bruce Vo\Documents\project\linguex\Streaming_Platform\frontend\components\Footer.tsx", "TypeScript JSX", 0, 0, 0, 0, 0, 63, 0, 0, 9, 1, 73
"c:\Users\Bruce Vo\Documents\project\linguex\Streaming_Platform\frontend\components\landing\Announcements.tsx", "TypeScript JSX", 0, 0, 0, 0, 0, 50, 0, 0, 0, 3, 53
"c:\Users\Bruce Vo\Documents\project\linguex\Streaming_Platform\frontend\components\landing\ExplorePrograms.tsx", "TypeScript JSX", 0, 0, 0, 0, 0, 189, 0, 0, 0, 3, 192
"c:\Users\Bruce Vo\Documents\project\linguex\Streaming_Platform\frontend\components\landing\FeaturedCourses.tsx", "TypeScript JSX", 0, 0, 0, 0, 0, 53, 0, 0, 0, 3, 56
"c:\Users\Bruce Vo\Documents\project\linguex\Streaming_Platform\frontend\components\landing\HeroSection.tsx", "TypeScript JSX", 0, 0, 0, 0, 0, 52, 0, 0, 4, 5, 61
"c:\Users\Bruce Vo\Documents\project\linguex\Streaming_Platform\frontend\components\landing\LandingNavBar.tsx", "TypeScript JSX", 0, 0, 0, 0, 0, 104, 0, 0, 8, 9, 121
"c:\Users\Bruce Vo\Documents\project\linguex\Streaming_Platform\frontend\components\landing\QuickAccess.tsx", "TypeScript JSX", 0, 0, 0, 0, 0, 75, 0, 0, 3, 8, 86
"c:\Users\Bruce Vo\Documents\project\linguex\Streaming_Platform\frontend\components\landing\UniqueFeaturesSection.tsx", "TypeScript JSX", 0, 0, 0, 0, 0, 96, 0, 0, 5, 4, 105
"c:\Users\Bruce Vo\Documents\project\linguex\Streaming_Platform\frontend\components\ui\Alert.tsx", "TypeScript JSX", 0, 0, 0, 0, 0, 42, 0, 0, 1, 6, 49
"c:\Users\Bruce Vo\Documents\project\linguex\Streaming_Platform\frontend\components\ui\Button.tsx", "TypeScript JSX", 0, 0, 0, 0, 0, 40, 0, 0, 1, 7, 48
"c:\Users\Bruce Vo\Documents\project\linguex\Streaming_Platform\frontend\components\ui\FilePreview.tsx", "TypeScript JSX", 0, 0, 0, 0, 0, 138, 0, 0, 15, 18, 171
"c:\Users\Bruce Vo\Documents\project\linguex\Streaming_Platform\frontend\components\ui\FileUpload.tsx", "TypeScript JSX", 0, 0, 0, 0, 0, 295, 0, 0, 20, 41, 356
"c:\Users\Bruce Vo\Documents\project\linguex\Streaming_Platform\frontend\components\ui\NavBar.tsx", "TypeScript JSX", 0, 0, 0, 0, 0, -69, 0, 0, -7, -11, -87
"c:\Users\Bruce Vo\Documents\project\linguex\Streaming_Platform\frontend\components\ui\NoFriendFound.tsx", "TypeScript JSX", 0, 0, 0, 0, 0, -28, 0, 0, 0, -5, -33
"c:\Users\Bruce Vo\Documents\project\linguex\Streaming_Platform\frontend\components\ui\NoNotificationFound.tsx", "TypeScript JSX", 0, 0, 0, 0, 0, -15, 0, 0, 0, -2, -17
"c:\Users\Bruce Vo\Documents\project\linguex\Streaming_Platform\frontend\components\ui\ProfileDropDown.tsx", "TypeScript JSX", 0, 0, 0, 0, 0, -82, 0, 0, -7, -8, -97
"c:\Users\Bruce Vo\Documents\project\linguex\Streaming_Platform\frontend\components\ui\ProgressBar.tsx", "TypeScript JSX", 0, 0, 0, 0, 0, 53, 0, 0, 0, 5, 58
"c:\Users\Bruce Vo\Documents\project\linguex\Streaming_Platform\frontend\components\ui\SideBar.tsx", "TypeScript JSX", 0, 0, 0, 0, 0, -76, 0, 0, 0, -6, -82
"c:\Users\Bruce Vo\Documents\project\linguex\Streaming_Platform\frontend\contexts\AuthContext.tsx", "TypeScript JSX", 0, 0, 0, 0, 0, -178, 0, 0, -17, -39, -234
"c:\Users\Bruce Vo\Documents\project\linguex\Streaming_Platform\frontend\hooks\useAuthSession.ts", "TypeScript", 0, -20, 0, 0, 0, 0, 0, 0, -2, -4, -26
"c:\Users\Bruce Vo\Documents\project\linguex\Streaming_Platform\frontend\hooks\useFriend.ts", "TypeScript", 0, -33, 0, 0, 0, 0, 0, 0, -41, -12, -86
"c:\Users\Bruce Vo\Documents\project\linguex\Streaming_Platform\frontend\hooks\useFriends.ts", "TypeScript", 0, 0, 0, 0, 0, 0, 0, 0, -121, -19, -140
"c:\Users\Bruce Vo\Documents\project\linguex\Streaming_Platform\frontend\hooks\useMaterial.ts", "TypeScript", 0, 96, 0, 0, 0, 0, 0, 0, 3, 19, 118
"c:\Users\Bruce Vo\Documents\project\linguex\Streaming_Platform\frontend\hooks\useUpload.ts", "TypeScript", 0, 242, 0, 0, 0, 0, 0, 0, 18, 40, 300
"c:\Users\Bruce Vo\Documents\project\linguex\Streaming_Platform\frontend\lib\api.ts", "TypeScript", 0, -274, 0, 0, 0, 0, 0, 0, 5, -66, -335
"c:\Users\Bruce Vo\Documents\project\linguex\Streaming_Platform\frontend\lib\mongoDB.ts", "TypeScript", 0, -22, 0, 0, 0, 0, 0, 0, 0, -6, -28
"c:\Users\Bruce Vo\Documents\project\linguex\Streaming_Platform\frontend\lib\tokenUtils.ts", "TypeScript", 0, -10, 0, 0, 0, 0, 0, 0, 0, -3, -13
"c:\Users\Bruce Vo\Documents\project\linguex\Streaming_Platform\frontend\lib\utils.ts", "TypeScript", 0, 50, 0, 0, 0, 0, 0, 0, 6, 14, 70
"c:\Users\Bruce Vo\Documents\project\linguex\Streaming_Platform\frontend\next.config.ts", "TypeScript", 0, 6, 0, 0, 0, 0, 0, 0, 0, 0, 6
"c:\Users\Bruce Vo\Documents\project\linguex\Streaming_Platform\frontend\package-lock.json", "JSON", 79, 0, 0, 0, 0, 0, 0, 0, 0, 0, 79
"c:\Users\Bruce Vo\Documents\project\linguex\Streaming_Platform\frontend\package.json", "JSON", 6, 0, 0, 0, 0, 0, 0, 0, 0, 0, 6
"c:\Users\Bruce Vo\Documents\project\linguex\Streaming_Platform\frontend\public\Durham_College_logo.svg", "XML", 0, 0, 0, 69, 0, 0, 0, 0, 0, 1, 70
"c:\Users\Bruce Vo\Documents\project\linguex\Streaming_Platform\frontend\public\George_Brown_College_logo.svg", "XML", 0, 0, 0, 121, 0, 0, 0, 0, 0, 1, 122
"c:\Users\Bruce Vo\Documents\project\linguex\Streaming_Platform\frontend\public\Humber_College_logo.svg", "XML", 0, 0, 0, 8, 0, 0, 0, 0, 0, 1, 9
"c:\Users\Bruce Vo\Documents\project\linguex\Streaming_Platform\frontend\public\Logo_York_University.svg", "XML", 0, 0, 0, 126, 0, 0, 0, 0, 1, 1, 128
"c:\Users\Bruce Vo\Documents\project\linguex\Streaming_Platform\frontend\public\QueensU_Wordmark.svg", "XML", 0, 0, 0, 1032, 0, 0, 0, 0, 1, 1, 1034
"c:\Users\Bruce Vo\Documents\project\linguex\Streaming_Platform\frontend\public\Ryerson_University_-_2016_school_year_logo.svg", "XML", 0, 0, 0, 197, 0, 0, 0, 0, 1, 2, 200
"c:\Users\Bruce Vo\Documents\project\linguex\Streaming_Platform\frontend\public\Seneca-logo.svg", "XML", 0, 0, 0, 1, 0, 0, 0, 0, 0, 0, 1
"c:\Users\Bruce Vo\Documents\project\linguex\Streaming_Platform\frontend\public\TMU_logo.svg", "XML", 0, 0, 0, 45, 0, 0, 0, 0, 1, 0, 46
"c:\Users\Bruce Vo\Documents\project\linguex\Streaming_Platform\frontend\types\Friend.ts", "TypeScript", 0, 26, 0, 0, 0, 0, 0, 0, 0, 3, 29
"c:\Users\Bruce Vo\Documents\project\linguex\Streaming_Platform\frontend\types\Material.ts", "TypeScript", 0, 52, 0, 0, 0, 0, 0, 0, 0, 3, 55
"c:\Users\Bruce Vo\Documents\project\linguex\Streaming_Platform\frontend\types\SignIn.ts", "TypeScript", 0, 33, 0, 0, 0, 0, 0, 0, 0, 4, 37
"c:\Users\Bruce Vo\Documents\project\linguex\Streaming_Platform\frontend\types\Upload.ts", "TypeScript", 0, 32, 0, 0, 0, 0, 0, 0, 0, 3, 35
"c:\Users\Bruce Vo\Documents\project\linguex\Streaming_Platform\package-lock.json", "JSON", 861, 0, 0, 0, 0, 0, 0, 0, 0, 0, 861
"c:\Users\Bruce Vo\Documents\project\linguex\Streaming_Platform\package.json", "JSON", 3, 0, 0, 0, 0, 0, 0, 0, 0, 0, 3
"Total", "-", 3232, 13513, 202, 1600, 28, -64, 3259, 797957, 84428, 10251, 914406